t_s,armed,yaw_rate_dps,target_dps,servo4_pwm,vbat_v,current_a,power_w,kp,ki,kd,imax,h_yaw_trim
0.0007,1,-0.0109,0.0,,,,,0.100000,0.100000,0.000000,0.700000,0.000000
0.1500,1,-0.0245,0.0,800,15.239,0.120,1.83,0.100000,0.100000,0.000000,0.700000,0.000000
0.4345,1,0.0085,0.0,800,15.239,0.120,1.83,0.100000,0.100000,0.000000,0.700000,0.000000
0.4354,1,-0.0293,0.0,800,15.239,0.120,1.83,0.100000,0.100000,0.000000,0.700000,0.000000
0.4360,1,0.0356,0.0,800,15.239,0.120,1.83,0.100000,0.100000,0.000000,0.700000,0.000000
0.4371,1,-0.0030,0.0,800,15.239,0.120,1.83,0.100000,0.100000,0.000000,0.700000,0.000000
0.4374,1,-0.0233,0.0,800,15.239,0.120,1.83,0.100000,0.100000,0.000000,0.700000,0.000000
0.6105,1,0.0112,0.0,800,15.239,0.120,1.83,0.100000,0.100000,0.000000,0.700000,0.000000
0.6111,1,-0.0386,0.0,800,15.239,0.120,1.83,0.100000,0.100000,0.000000,0.700000,0.000000
0.7355,1,0.0047,0.0,800,15.239,0.120,1.83,0.100000,0.100000,0.000000,0.700000,0.000000
0.8417,1,-0.0302,0.0,800,15.239,0.120,1.83,0.100000,0.100000,0.000000,0.700000,0.000000
0.8424,1,-0.0213,0.0,800,15.239,0.120,1.83,0.100000,0.100000,0.000000,0.700000,0.000000
0.8866,1,0.0383,0.0,800,15.239,0.120,1.83,0.100000,0.100000,0.000000,0.700000,0.000000
1.0783,1,-0.0562,0.0,800,15.239,0.120,1.83,0.100000,0.100000,0.000000,0.700000,0.000000
1.0794,1,0.0177,0.0,800,15.239,0.120,1.83,0.100000,0.100000,0.000000,0.700000,0.000000
1.1862,1,0.0035,0.0,800,15.239,0.120,1.83,0.100000,0.100000,0.000000,0.700000,0.000000
1.3105,1,0.0101,0.0,800,15.239,0.120,1.83,0.100000,0.100000,0.000000,0.700000,0.000000
1.3119,1,-0.0130,0.0,800,15.239,0.120,1.83,0.100000,0.100000,0.000000,0.700000,0.000000
1.3547,1,-0.0115,0.0,800,15.239,0.120,1.83,0.100000,0.100000,0.000000,0.700000,0.000000
1.5447,1,0.0118,0.0,800,15.239,0.120,1.83,0.100000,0.100000,0.000000,0.700000,0.000000
1.5457,1,-0.0533,0.0,800,15.239,0.120,1.83,0.100000,0.100000,0.000000,0.700000,0.000000
1.6558,1,0.0355,0.0,800,15.239,0.120,1.83,0.100000,0.100000,0.000000,0.700000,0.000000
1.7679,1,-0.0607,0.0,800,15.239,0.120,1.83,0.100000,0.100000,0.000000,0.700000,0.000000
1.7687,1,-0.0087,0.0,800,15.239,0.120,1.83,0.100000,0.100000,0.000000,0.700000,0.000000
1.9681,1,-0.0040,0.0,800,15.239,0.120,1.83,0.100000,0.100000,0.000000,0.700000,0.000000
1.9690,1,0.0139,0.0,800,15.239,0.120,1.83,0.100000,0.100000,0.000000,0.700000,0.000000
1.9702,1,-0.0069,0.0,800,15.239,0.120,1.83,0.100000,0.100000,0.000000,0.700000,0.000000
1.9710,1,-0.0606,0.0,800,15.239,0.120,1.83,0.100000,0.100000,0.000000,0.700000,0.000000
2.3398,1,0.0321,0.0,800,15.239,0.120,1.83,0.100000,0.100000,0.000000,0.700000,0.000000
2.3407,1,-0.0351,0.0,800,15.239,0.120,1.83,0.100000,0.100000,0.000000,0.700000,0.000000
2.3413,1,0.0237,0.0,800,15.239,0.120,1.83,0.100000,0.100000,0.000000,0.700000,0.000000
2.3421,1,-0.0216,0.0,800,15.239,0.120,1.83,0.100000,0.100000,0.000000,0.700000,0.000000
2.3426,1,0.0048,0.0,800,15.239,0.120,1.83,0.100000,0.100000,0.000000,0.700000,0.000000
2.3429,1,0.0062,0.0,800,15.239,0.120,1.83,0.100000,0.100000,0.000000,0.700000,0.000000
2.3430,1,-0.0015,0.0,800,15.239,0.120,1.83,0.100000,0.100000,0.000000,0.700000,0.000000
2.4512,1,0.0224,0.0,800,15.239,0.120,1.83,0.100000,0.100000,0.000000,0.700000,0.000000
2.5350,1,-0.0668,0.0,800,15.239,0.120,1.83,0.100000,0.100000,0.000000,0.700000,0.000000
2.5357,1,-0.0195,0.0,800,15.239,0.120,1.83,0.100000,0.100000,0.000000,0.700000,0.000000
2.6967,1,-0.0347,0.0,800,15.239,0.120,1.83,0.100000,0.100000,0.000000,0.700000,0.000000
2.7275,1,-0.0333,0.0,800,15.239,0.120,1.83,0.100000,0.100000,0.000000,0.700000,0.000000
2.8087,1,-0.0428,0.0,800,15.239,0.120,1.83,0.100000,0.100000,0.000000,0.700000,0.000000
2.8094,1,-0.0396,0.0,800,15.239,0.120,1.83,0.100000,0.100000,0.000000,0.700000,0.000000
2.9213,1,-0.0337,0.0,800,15.239,0.120,1.83,0.100000,0.100000,0.000000,0.700000,0.000000
2.9218,1,-0.0150,0.0,800,15.239,0.120,1.83,0.100000,0.100000,0.000000,0.700000,0.000000
2.9999,1,0.0293,0.0,800,15.239,0.120,1.83,0.100000,0.100000,0.000000,0.700000,0.000000
3.1524,1,0.0043,0.0,800,15.239,0.120,1.83,0.100000,0.100000,0.000000,0.700000,0.000000
3.1533,1,-0.0418,0.0,800,15.239,0.120,1.83,0.100000,0.100000,0.000000,0.700000,0.000000
3.3852,1,-0.0273,0.0,800,15.239,0.120,1.83,0.100000,0.100000,0.000000,0.700000,0.000000
3.3862,1,-0.0070,0.0,800,15.239,0.120,1.83,0.100000,0.100000,0.000000,0.700000,0.000000
3.3867,1,-0.0222,0.0,800,15.239,0.120,1.83,0.100000,0.100000,0.000000,0.700000,0.000000
3.3872,1,-0.0185,0.0,800,15.239,0.120,1.83,0.100000,0.100000,0.000000,0.700000,0.000000
3.4625,1,-0.0439,0.0,800,15.239,0.120,1.83,0.100000,0.100000,0.000000,0.700000,0.000000
3.4634,1,0.0278,0.0,800,15.239,0.120,1.83,0.100000,0.100000,0.000000,0.700000,0.000000
3.6105,1,0.0137,0.0,800,15.239,0.120,1.83,0.100000,0.100000,0.000000,0.700000,0.000000
3.7360,1,-0.0592,0.0,800,15.239,0.120,1.83,0.100000,0.100000,0.000000,0.700000,0.000000
3.7368,1,-0.0743,0.0,800,15.239,0.120,1.83,0.100000,0.100000,0.000000,0.700000,0.000000
3.7373,1,-13.6698,0.0,800,15.239,0.120,1.83,0.100000,0.100000,0.000000,0.700000,0.000000
3.8375,1,-38.6782,0.0,806,15.239,0.120,1.83,0.100000,0.100000,0.000000,0.700000,0.000000
4.4319,1,-57.2281,0.0,806,15.239,0.120,1.83,0.100000,0.100000,0.000000,0.700000,0.000000
4.4327,1,163.4167,0.0,823,15.239,0.120,1.83,0.100000,0.100000,0.000000,0.700000,0.000000
4.4334,1,268.7132,0.0,842,15.239,0.120,1.83,0.100000,0.100000,0.000000,0.700000,0.000000
4.4339,1,260.5398,0.0,800,15.239,0.120,1.83,0.100000,0.100000,0.000000,0.700000,0.000000
4.4341,1,220.4522,0.0,800,15.239,0.120,1.83,0.100000,0.100000,0.000000,0.700000,0.000000
4.4343,1,179.0591,0.0,800,15.239,0.120,1.83,0.100000,0.100000,0.000000,0.700000,0.000000
4.4344,1,116.6661,0.0,800,15.239,0.120,1.83,0.100000,0.100000,0.000000,0.700000,0.000000
4.4346,1,38.7449,0.0,800,15.239,0.120,1.83,0.100000,0.100000,0.000000,0.700000,0.000000
4.4348,1,-42.8245,0.0,800,15.239,0.120,1.83,0.100000,0.100000,0.000000,0.700000,0.000000
4.4350,1,-111.5806,0.0,800,15.239,0.120,1.83,0.100000,0.100000,0.000000,0.700000,0.000000
4.4351,1,-179.3518,0.0,829,15.239,0.120,1.83,0.100000,0.100000,0.000000,0.700000,0.000000
4.4353,1,-239.7983,0.0,878,15.239,0.120,1.83,0.100000,0.100000,0.000000,0.700000,0.000000
4.4354,1,-284.8636,0.0,878,15.239,0.120,1.83,0.100000,0.100000,0.000000,0.700000,0.000000
4.4355,1,-300.7982,0.0,929,15.239,0.120,1.83,0.100000,0.100000,0.000000,0.700000,0.000000
4.6186,1,-274.4774,0.0,969,15.239,0.120,1.83,0.100000,0.100000,0.000000,0.700000,0.000000
4.6196,1,-208.8530,0.0,976,15.239,0.120,1.83,0.100000,0.100000,0.000000,0.700000,0.000000
4.6208,1,-154.0955,0.0,953,15.239,0.120,1.83,0.100000,0.100000,0.000000,0.700000,0.000000
4.6215,1,-115.4649,0.0,932,15.239,0.120,1.83,0.100000,0.100000,0.000000,0.700000,0.000000
4.7637,1,-92.3616,0.0,920,15.239,0.120,1.83,0.100000,0.100000,0.000000,0.700000,0.000000
4.9679,1,-45.0155,0.0,913,15.239,0.120,1.83,0.100000,0.100000,0.000000,0.700000,0.000000
4.9686,1,-10.7761,0.0,893,15.239,0.120,1.83,0.100000,0.100000,0.000000,0.700000,0.000000
4.9694,1,28.4668,0.0,872,15.239,0.120,1.83,0.100000,0.100000,0.000000,0.700000,0.000000
5.1109,1,63.5780,0.0,854,15.239,0.120,1.83,0.100000,0.100000,0.000000,0.700000,0.000000
5.1814,1,28.6847,0.0,829,15.239,0.120,1.83,0.100000,0.100000,0.000000,0.700000,0.000000
5.6146,1,13.5884,0.0,839,15.239,0.120,1.83,0.100000,0.100000,0.000000,0.700000,0.000000
5.6155,1,61.2108,0.0,860,15.239,0.120,1.83,0.100000,0.100000,0.000000,0.700000,0.000000
5.6161,1,-16.2536,0.0,831,15.239,0.120,1.83,0.100000,0.100000,0.000000,0.700000,0.000000
5.6168,1,20.7245,0.0,855,15.239,0.120,1.83,0.100000,0.100000,0.000000,0.700000,0.000000
5.6172,1,61.0989,0.0,847,15.239,0.120,1.83,0.100000,0.100000,0.000000,0.700000,0.000000
5.6175,1,-40.5370,0.0,828,15.239,0.120,1.83,0.100000,0.100000,0.000000,0.700000,0.000000
5.6177,1,-25.4381,0.0,838,15.239,0.120,1.83,0.100000,0.100000,0.000000,0.700000,0.000000
5.7947,1,25.8344,0.0,861,15.239,0.120,1.83,0.100000,0.100000,0.000000,0.700000,0.000000
5.8669,1,39.5538,0.0,844,15.239,0.120,1.83,0.100000,0.100000,0.000000,0.700000,0.000000
6.0787,1,14.8151,0.0,824,15.239,0.120,1.83,0.100000,0.100000,0.000000,0.700000,0.000000
6.1497,1,41.9105,0.0,841,15.239,0.120,1.83,0.100000,0.100000,0.000000,0.700000,0.000000
6.2298,1,-28.6871,0.0,827,15.239,0.120,1.83,0.100000,0.100000,0.000000,0.700000,0.000000
6.3783,1,-4.5264,0.0,839,15.239,0.120,1.83,0.100000,0.100000,0.000000,0.700000,0.000000
6.4390,1,19.4519,0.0,848,15.239,0.120,1.83,0.100000,0.100000,0.000000,0.700000,0.000000
6.6150,1,35.6902,0.0,841,15.239,0.120,1.83,0.100000,0.100000,0.000000,0.700000,0.000000
6.6918,1,-7.4495,0.0,829,15.239,0.120,1.83,0.100000,0.100000,0.000000,0.700000,0.000000
6.8441,1,8.2171,0.0,843,15.239,0.120,1.83,0.100000,0.100000,0.000000,0.700000,0.000000
6.8448,1,20.3008,0.0,842,15.239,0.120,1.83,0.100000,0.100000,0.000000,0.700000,0.000000
6.9580,1,27.4987,0.0,834,15.239,0.120,1.83,0.100000,0.100000,0.000000,0.700000,0.000000
7.0593,1,23.5712,0.0,829,15.239,0.120,1.83,0.100000,0.100000,0.000000,0.700000,0.000000
7.1325,1,17.1593,0.0,829,15.239,0.120,1.83,0.100000,0.100000,0.000000,0.700000,0.000000
7.3972,1,18.4066,0.0,828,15.239,0.120,1.83,0.100000,0.100000,0.000000,0.700000,0.000000
7.3988,1,12.0945,0.0,828,15.239,0.120,1.83,0.100000,0.100000,0.000000,0.700000,0.000000
7.3997,1,8.1036,0.0,830,15.239,0.120,1.83,0.100000,0.100000,0.000000,0.700000,0.000000
7.4847,1,8.6608,0.0,829,15.239,0.120,1.83,0.100000,0.100000,0.000000,0.700000,0.000000
7.7221,1,7.5093,0.0,832,15.239,0.120,1.83,0.100000,0.100000,0.000000,0.700000,0.000000
8.0847,1,6.6734,0.0,831,15.239,0.120,1.83,0.100000,0.100000,0.000000,0.700000,0.000000
8.0855,1,2.5021,0.0,830,15.239,0.120,1.83,0.100000,0.100000,0.000000,0.700000,0.000000
8.0861,1,9.3858,0.0,830,15.239,0.120,1.83,0.100000,0.100000,0.000000,0.700000,0.000000
8.0866,1,5.1647,0.0,832,15.239,0.120,1.83,0.100000,0.100000,0.000000,0.700000,0.000000
8.0867,1,2.3294,0.0,831,15.239,0.120,1.83,0.100000,0.100000,0.000000,0.700000,0.000000
8.0870,1,-2.4105,0.0,835,15.239,0.120,1.83,0.100000,0.100000,0.000000,0.700000,0.000000
8.2059,1,-8.6675,0.0,838,15.239,0.120,1.83,0.100000,0.100000,0.000000,0.700000,0.000000
8.2896,1,-8.1269,0.0,838,15.239,0.120,1.83,0.100000,0.100000,0.000000,0.700000,0.000000
8.4669,1,-5.7932,0.0,841,15.239,0.120,1.83,0.100000,0.100000,0.000000,0.700000,0.000000
8.4676,1,-4.4961,0.0,841,15.239,0.120,1.83,0.100000,0.100000,0.000000,0.700000,0.000000
8.6910,1,-0.6448,0.0,839,15.239,0.120,1.83,0.100000,0.100000,0.000000,0.700000,0.000000
8.6917,1,5.0761,0.0,839,15.239,0.120,1.83,0.100000,0.100000,0.000000,0.700000,0.000000
8.6934,1,-7.9313,0.0,835,15.239,0.120,1.83,0.100000,0.100000,0.000000,0.700000,0.000000
8.7444,1,-6.2100,0.0,837,15.239,0.120,1.83,0.100000,0.100000,0.000000,0.700000,0.000000
8.9256,1,-7.1004,0.0,840,15.239,0.120,1.83,0.100000,0.100000,0.000000,0.700000,0.000000
8.9260,1,-4.6650,0.0,840,15.239,0.120,1.83,0.100000,0.100000,0.000000,0.700000,0.000000
9.1585,1,-5.7550,0.0,839,15.239,0.120,1.83,0.100000,0.100000,0.000000,0.700000,0.000000
9.1594,1,0.5391,0.0,839,15.239,0.120,1.83,0.100000,0.100000,0.000000,0.700000,0.000000
9.1599,1,1.7310,0.0,837,15.239,0.120,1.83,0.100000,0.100000,0.000000,0.700000,0.000000
9.1606,1,-0.0772,0.0,837,15.239,0.120,1.83,0.100000,0.100000,0.000000,0.700000,0.000000
9.1884,1,0.5266,0.0,834,15.239,0.120,1.83,0.100000,0.100000,0.000000,0.700000,0.000000
9.2601,1,8.5109,0.0,834,15.239,0.120,1.83,0.100000,0.100000,0.000000,0.700000,0.000000
9.5293,1,6.8447,0.0,833,15.239,0.120,1.83,0.100000,0.100000,0.000000,0.700000,0.000000
9.5302,1,8.4448,0.0,840,15.239,0.120,1.83,0.100000,0.100000,0.000000,0.700000,0.000000
9.5310,1,10.5743,0.0,833,15.239,0.120,1.83,0.100000,0.100000,0.000000,0.700000,0.000000
9.5315,1,7.2188,0.0,833,15.239,0.120,1.83,0.100000,0.100000,0.000000,0.700000,0.000000
9.5319,1,7.4854,0.0,833,15.239,0.120,1.83,0.100000,0.100000,0.000000,0.700000,0.000000
9.7482,1,2.4515,0.0,832,15.239,0.120,1.83,0.100000,0.100000,0.000000,0.700000,0.000000
9.7491,1,3.6604,0.0,831,15.239,0.120,1.83,0.100000,0.100000,0.000000,0.700000,0.000000
9.8508,1,-1.6616,0.0,835,15.239,0.120,1.83,0.100000,0.100000,0.000000,0.700000,0.000000
9.8513,1,-0.9643,0.0,837,15.239,0.120,1.83,0.100000,0.100000,0.000000,0.700000,0.000000
10.1727,1,-4.7672,0.0,837,15.239,0.120,1.83,0.100000,0.100000,0.000000,0.700000,0.000000
10.1733,1,-7.0461,0.0,838,15.239,0.120,1.83,0.100000,0.100000,0.000000,0.700000,0.000000
10.1742,1,-7.2020,0.0,840,15.239,0.120,1.83,0.100000,0.100000,0.000000,0.700000,0.000000
10.1747,1,-12.8585,0.0,841,15.239,0.120,1.83,0.100000,0.100000,0.000000,0.700000,0.000000
10.1752,1,-27.2897,0.0,842,15.239,0.120,1.83,0.100000,0.100000,0.000000,0.700000,0.000000
10.1754,1,-38.8503,0.0,845,15.239,0.120,1.83,0.100000,0.100000,0.000000,0.700000,0.000000
10.4340,1,-48.8102,0.0,851,15.239,0.120,1.83,0.100000,0.100000,0.000000,0.700000,0.000000
10.4352,1,-59.5516,0.0,861,15.239,0.120,1.83,0.100000,0.100000,0.000000,0.700000,0.000000
10.4360,1,-65.7370,0.0,870,15.239,0.120,1.83,0.100000,0.100000,0.000000,0.700000,0.000000
10.4367,1,-70.1761,0.0,874,15.239,0.120,1.83,0.100000,0.100000,0.000000,0.700000,0.000000
10.4369,1,-74.1532,0.0,881,15.239,0.120,1.83,0.100000,0.100000,0.000000,0.700000,0.000000
10.6652,1,-73.3216,0.0,884,15.239,0.120,1.83,0.100000,0.100000,0.000000,0.700000,0.000000
10.6658,1,-65.3692,0.0,887,15.239,0.120,1.83,0.100000,0.100000,0.000000,0.700000,0.000000
10.6663,1,-56.4170,0.0,886,15.239,0.120,1.83,0.100000,0.100000,0.000000,0.700000,0.000000
10.6670,1,-43.0386,0.0,885,15.239,0.120,1.83,0.100000,0.100000,0.000000,0.700000,0.000000
10.8167,1,-31.6313,0.0,877,15.239,0.120,1.83,0.100000,0.100000,0.000000,0.700000,0.000000
10.8183,1,-21.7686,0.0,874,15.239,0.120,1.83,0.100000,0.100000,0.000000,0.700000,0.000000
10.8189,1,-13.0813,0.0,867,15.239,0.120,1.83,0.100000,0.100000,0.000000,0.700000,0.000000
11.1187,1,-3.3805,0.0,865,15.239,0.120,1.83,0.100000,0.100000,0.000000,0.700000,0.000000
11.1194,1,4.1859,0.0,861,15.239,0.120,1.83,0.100000,0.100000,0.000000,0.700000,0.000000
11.1200,1,17.0886,0.0,855,15.239,0.120,1.83,0.100000,0.100000,0.000000,0.700000,0.000000
11.1209,1,29.0642,0.0,853,15.239,0.120,1.83,0.100000,0.100000,0.000000,0.700000,0.000000
11.2432,1,37.8416,0.0,842,15.239,0.120,1.83,0.100000,0.100000,0.000000,0.700000,0.000000
11.2442,1,49.2987,0.0,838,15.239,0.120,1.83,0.100000,0.100000,0.000000,0.700000,0.000000
11.7289,1,51.5526,0.0,831,15.239,0.120,1.83,0.100000,0.100000,0.000000,0.700000,0.000000
11.7301,1,25.6738,0.0,827,15.239,0.120,1.83,0.100000,0.100000,0.000000,0.700000,0.000000
11.7307,1,3.1048,0.0,826,15.239,0.120,1.83,0.100000,0.100000,0.000000,0.700000,0.000000
11.7312,1,0.8715,0.0,841,15.239,0.120,1.83,0.100000,0.100000,0.000000,0.700000,0.000000
11.7317,1,5.1060,0.0,850,15.239,0.120,1.83,0.100000,0.100000,0.000000,0.700000,0.000000
11.7318,1,1.8553,0.0,850,15.239,0.120,1.83,0.100000,0.100000,0.000000,0.700000,0.000000
11.7320,1,4.1341,0.0,847,15.239,0.120,1.83,0.100000,0.100000,0.000000,0.700000,0.000000
11.7322,1,5.6728,0.0,850,15.239,0.120,1.83,0.100000,0.100000,0.000000,0.700000,0.000000
11.7325,1,7.6726,0.0,848,15.239,0.120,1.83,0.100000,0.100000,0.000000,0.700000,0.000000
11.7327,1,10.0636,0.0,848,15.239,0.120,1.83,0.100000,0.100000,0.000000,0.700000,0.000000
11.7330,1,2.7734,0.0,846,15.239,0.120,1.83,0.100000,0.100000,0.000000,0.700000,0.000000
11.8395,1,3.0882,0.0,847,15.239,0.120,1.83,0.100000,0.100000,0.000000,0.700000,0.000000
11.8400,1,-0.5625,0.0,847,15.239,0.120,1.83,0.100000,0.100000,0.000000,0.700000,0.000000
11.8404,1,3.0609,0.0,847,15.239,0.120,1.83,0.100000,0.100000,0.000000,0.700000,0.000000
11.9293,1,7.8510,0.0,849,15.239,0.120,1.83,0.100000,0.100000,0.000000,0.700000,0.000000
11.9300,1,-2.9321,0.0,847,15.239,0.120,1.83,0.100000,0.100000,0.000000,0.700000,0.000000
12.1754,1,-3.6729,0.0,848,15.239,0.120,1.83,0.100000,0.100000,0.000000,0.700000,0.000000
12.1760,1,-5.2073,0.0,852,15.239,0.120,1.83,0.100000,0.100000,0.000000,0.700000,0.000000
12.1766,1,-7.5834,0.0,852,15.239,0.120,1.83,0.100000,0.100000,0.000000,0.700000,0.000000
12.1775,1,-9.9600,0.0,854,15.239,0.120,1.83,0.100000,0.100000,0.000000,0.700000,0.000000
12.1781,1,-6.1854,0.0,854,15.239,0.120,1.83,0.100000,0.100000,0.000000,0.700000,0.000000
12.2363,1,-6.6157,0.0,854,15.239,0.120,1.83,0.100000,0.100000,0.000000,0.700000,0.000000
12.3911,1,-4.5778,0.0,854,15.239,0.120,1.83,0.100000,0.100000,0.000000,0.700000,0.000000
12.3920,1,-0.5135,0.0,854,15.239,0.120,1.83,0.100000,0.100000,0.000000,0.700000,0.000000
12.6387,1,-5.2771,0.0,852,15.239,0.120,1.83,0.100000,0.100000,0.000000,0.700000,0.000000
12.6396,1,-4.1035,0.0,850,15.239,0.120,1.83,0.100000,0.100000,0.000000,0.700000,0.000000
12.6406,1,-4.8961,0.0,850,15.239,0.120,1.83,0.100000,0.100000,0.000000,0.700000,0.000000
12.6412,1,-1.4203,0.0,851,15.239,0.120,1.83,0.100000,0.100000,0.000000,0.700000,0.000000
12.6993,1,4.4807,0.0,851,15.239,0.120,1.83,0.100000,0.100000,0.000000,0.700000,0.000000
12.7003,1,-3.1277,0.0,852,15.239,0.120,1.83,0.100000,0.100000,0.000000,0.700000,0.000000
12.8479,1,-2.3413,0.0,852,15.239,0.120,1.83,0.100000,0.100000,0.000000,0.700000,0.000000
12.9311,1,-2.7424,0.0,851,15.239,0.120,1.83,0.100000,0.100000,0.000000,0.700000,0.000000
12.9324,1,-1.8577,0.0,850,15.239,0.120,1.83,0.100000,0.100000,0.000000,0.700000,0.000000
13.0780,1,-6.3061,0.0,855,15.239,0.120,1.83,0.100000,0.100000,0.000000,0.700000,0.000000
13.2709,1,-2.5859,0.0,853,15.239,0.120,1.83,0.100000,0.100000,0.000000,0.700000,0.000000
13.2714,1,6.4868,0.0,853,15.239,0.120,1.83,0.100000,0.100000,0.000000,0.700000,0.000000
13.2721,1,-7.3786,0.0,852,15.239,0.120,1.83,0.100000,0.100000,0.000000,0.700000,0.000000
13.2726,1,2.0765,0.0,847,15.239,0.120,1.83,0.100000,0.100000,0.000000,0.700000,0.000000
13.3977,1,2.6163,0.0,855,15.239,0.120,1.83,0.100000,0.100000,0.000000,0.700000,0.000000
13.5534,1,6.0977,0.0,851,15.239,0.120,1.83,0.100000,0.100000,0.000000,0.700000,0.000000
13.5541,1,1.2928,0.0,849,15.239,0.120,1.83,0.100000,0.100000,0.000000,0.700000,0.000000
14.0136,1,-5.4851,0.0,852,15.239,0.120,1.83,0.100000,0.100000,0.000000,0.700000,0.000000
14.0141,1,-4.1584,0.0,851,15.239,0.120,1.83,0.100000,0.100000,0.000000,0.700000,0.000000
14.0148,1,1.3587,0.0,852,15.239,0.120,1.83,0.100000,0.100000,0.000000,0.700000,0.000000
14.0153,1,3.9092,0.0,852,15.239,0.120,1.83,0.100000,0.100000,0.000000,0.700000,0.000000
14.0158,1,7.6452,0.0,850,15.239,0.120,1.83,0.100000,0.100000,0.000000,0.700000,0.000000
14.0160,1,-3.7178,0.0,849,15.239,0.120,1.83,0.100000,0.100000,0.000000,0.700000,0.000000
14.0161,1,-9.7857,0.0,850,15.239,0.120,1.83,0.100000,0.100000,0.000000,0.700000,0.000000
14.0164,1,-15.5279,0.0,855,15.239,0.120,1.83,0.100000,0.100000,0.000000,0.700000,0.000000
14.0165,1,-20.8995,0.0,857,15.239,0.120,1.83,0.100000,0.100000,0.000000,0.700000,0.000000
14.1221,1,-35.3613,0.0,861,15.239,0.120,1.83,0.100000,0.100000,0.000000,0.700000,0.000000
14.1229,1,-46.2788,0.0,863,15.239,0.120,1.83,0.100000,0.100000,0.000000,0.700000,0.000000
14.1238,1,-50.6980,0.0,871,15.239,0.120,1.83,0.100000,0.100000,0.000000,0.700000,0.000000
14.2365,1,-53.6272,0.0,881,15.239,0.120,1.83,0.100000,0.100000,0.000000,0.700000,0.000000
14.4299,1,-50.7231,0.0,888,15.239,0.120,1.83,0.100000,0.100000,0.000000,0.700000,0.000000
14.4305,1,-45.2041,0.0,888,15.239,0.120,1.83,0.100000,0.100000,0.000000,0.700000,0.000000
14.4313,1,-41.5492,0.0,886,15.239,0.120,1.83,0.100000,0.100000,0.000000,0.700000,0.000000
14.6768,1,-29.2156,0.0,888,15.239,0.120,1.83,0.100000,0.100000,0.000000,0.700000,0.000000
14.6781,1,-2.2177,0.0,884,15.239,0.120,1.83,0.100000,0.100000,0.000000,0.700000,0.000000
14.6795,1,8.6587,0.0,877,15.239,0.120,1.83,0.100000,0.100000,0.000000,0.700000,0.000000
14.8036,1,25.8206,0.0,865,15.239,0.120,1.83,0.100000,0.100000,0.000000,0.700000,0.000000
14.8753,1,30.2428,0.0,859,15.239,0.120,1.83,0.100000,0.100000,0.000000,0.700000,0.000000
15.0517,1,31.4004,0.0,854,15.239,0.120,1.83,0.100000,0.100000,0.000000,0.700000,0.000000
15.1094,1,18.7870,0.0,845,15.239,0.120,1.83,0.100000,0.100000,0.000000,0.700000,0.000000
15.2626,1,20.0369,0.0,853,15.239,0.120,1.83,0.100000,0.100000,0.000000,0.700000,0.000000
15.3486,1,28.2813,0.0,849,15.239,0.120,1.83,0.100000,0.100000,0.000000,0.700000,0.000000
15.5902,1,18.8162,0.0,848,15.239,0.120,1.83,0.100000,0.100000,0.000000,0.700000,0.000000
15.5907,1,17.2846,0.0,846,15.239,0.120,1.83,0.100000,0.100000,0.000000,0.700000,0.000000
15.6561,1,-0.0284,0.0,850,15.239,0.120,1.83,0.100000,0.100000,0.000000,0.700000,0.000000
15.8100,1,-2.3057,0.0,856,15.239,0.120,1.83,0.100000,0.100000,0.000000,0.700000,0.000000
16.0878,1,-8.1360,0.0,860,15.239,0.120,1.83,0.100000,0.100000,0.000000,0.700000,0.000000
16.0887,1,-19.2015,0.0,862,15.239,0.120,1.83,0.100000,0.100000,0.000000,0.700000,0.000000
16.3527,1,-28.5245,0.0,867,15.239,0.120,1.83,0.100000,0.100000,0.000000,0.700000,0.000000
16.3542,1,-24.7483,0.0,875,15.239,0.120,1.83,0.100000,0.100000,0.000000,0.700000,0.000000
16.3547,1,-16.2487,0.0,875,15.239,0.120,1.83,0.100000,0.100000,0.000000,0.700000,0.000000
16.3554,1,-18.2487,0.0,874,15.239,0.120,1.83,0.100000,0.100000,0.000000,0.700000,0.000000
16.6465,1,-16.4253,0.0,874,15.239,0.120,1.83,0.100000,0.100000,0.000000,0.700000,0.000000
16.6475,1,-1.6295,0.0,874,15.239,0.120,1.83,0.100000,0.100000,0.000000,0.700000,0.000000
16.6480,1,7.7911,0.0,871,15.239,0.120,1.83,0.100000,0.100000,0.000000,0.700000,0.000000
16.6487,1,15.4571,0.0,863,15.239,0.120,1.83,0.100000,0.100000,0.000000,0.700000,0.000000
16.7517,1,-3.1752,0.0,858,15.239,0.120,1.83,0.100000,0.100000,0.000000,0.700000,0.000000
16.8405,1,-7.3612,0.0,863,15.239,0.120,1.83,0.100000,0.100000,0.000000,0.700000,0.000000
17.1079,1,-10.5976,0.0,868,15.239,0.120,1.83,0.100000,0.100000,0.000000,0.700000,0.000000
17.1092,1,-7.3663,0.0,871,15.239,0.120,1.83,0.100000,0.100000,0.000000,0.700000,0.000000
17.1100,1,3.8258,0.0,868,15.239,0.120,1.83,0.100000,0.100000,0.000000,0.700000,0.000000
17.1108,1,-1.6714,0.0,865,15.239,0.120,1.83,0.100000,0.100000,0.000000,0.700000,0.000000
17.2902,1,3.3284,0.0,865,15.239,0.120,1.83,0.100000,0.100000,0.000000,0.700000,0.000000
17.2910,1,7.1644,0.0,864,15.239,0.120,1.83,0.100000,0.100000,0.000000,0.700000,0.000000
17.6064,1,2.9415,0.0,863,15.239,0.120,1.83,0.100000,0.100000,0.000000,0.700000,0.000000
17.6073,1,10.1049,0.0,860,15.239,0.120,1.83,0.100000,0.100000,0.000000,0.700000,0.000000
17.6076,1,15.4868,0.0,863,15.239,0.120,1.83,0.100000,0.100000,0.000000,0.700000,0.000000
17.6083,1,18.6356,0.0,859,15.239,0.120,1.83,0.100000,0.100000,0.000000,0.700000,0.000000
17.6089,1,11.7546,0.0,855,15.239,0.120,1.83,0.100000,0.100000,0.000000,0.700000,0.000000
17.6889,1,7.6338,0.0,855,15.239,0.120,1.83,0.100000,0.100000,0.000000,0.700000,0.000000
17.6899,1,5.9475,0.0,857,15.239,0.120,1.83,0.100000,0.100000,0.000000,0.700000,0.000000
17.8786,1,2.2104,0.0,863,15.239,0.120,1.83,0.100000,0.100000,0.000000,0.700000,0.000000
17.8798,1,6.5401,0.0,859,15.239,0.120,1.83,0.100000,0.100000,0.000000,0.700000,0.000000
17.8803,1,10.6105,0.0,861,15.239,0.120,1.83,0.100000,0.100000,0.000000,0.700000,0.000000
18.1703,1,9.9609,0.0,858,15.239,0.120,1.83,0.100000,0.100000,0.000000,0.700000,0.000000
18.1710,1,0.9557,0.0,856,15.239,0.120,1.83,0.100000,0.100000,0.000000,0.700000,0.000000
18.1714,1,-1.1468,0.0,857,15.239,0.120,1.83,0.100000,0.100000,0.000000,0.700000,0.000000
18.2840,1,-4.6976,0.0,860,15.239,0.120,1.83,0.100000,0.100000,0.000000,0.700000,0.000000
18.2846,1,5.5953,0.0,863,15.239,0.120,1.83,0.100000,0.100000,0.000000,0.700000,0.000000
18.4881,1,6.2284,0.0,860,15.239,0.120,1.83,0.100000,0.100000,0.000000,0.700000,0.000000
18.4890,1,5.2742,0.0,858,15.239,0.120,1.83,0.100000,0.100000,0.000000,0.700000,0.000000
18.8598,1,8.5442,0.0,855,15.239,0.120,1.83,0.100000,0.100000,0.000000,0.700000,0.000000
18.8604,1,-0.9885,0.0,858,15.239,0.120,1.83,0.100000,0.100000,0.000000,0.700000,0.000000
18.8610,1,-4.0015,0.0,858,15.239,0.120,1.83,0.100000,0.100000,0.000000,0.700000,0.000000
18.8618,1,-8.8451,0.0,862,15.239,0.120,1.83,0.100000,0.100000,0.000000,0.700000,0.000000
18.8623,1,-7.6297,0.0,861,15.239,0.120,1.83,0.100000,0.100000,0.000000,0.700000,0.000000
18.8625,1,-12.5431,0.0,867,15.239,0.120,1.83,0.100000,0.100000,0.000000,0.700000,0.000000
18.8626,1,-6.5981,0.0,867,15.239,0.120,1.83,0.100000,0.100000,0.000000,0.700000,0.000000
18.8627,1,-2.5450,0.0,866,15.239,0.120,1.83,0.100000,0.100000,0.000000,0.700000,0.000000
19.0510,1,-5.3437,0.0,865,15.239,0.120,1.83,0.100000,0.100000,0.000000,0.700000,0.000000
19.0519,1,-6.3051,0.0,863,15.239,0.120,1.83,0.100000,0.100000,0.000000,0.700000,0.000000
19.0527,1,-2.4194,0.0,865,15.239,0.120,1.83,0.100000,0.100000,0.000000,0.700000,0.000000
19.0534,1,-9.9450,0.0,866,15.239,0.120,1.83,0.100000,0.100000,0.000000,0.700000,0.000000
19.5661,1,-7.4321,0.0,863,15.239,0.120,1.83,0.100000,0.100000,0.000000,0.700000,0.000000
19.5668,1,-0.1623,0.0,866,15.239,0.120,1.83,0.100000,0.100000,0.000000,0.700000,0.000000
19.5676,1,7.4920,0.0,865,15.239,0.120,1.83,0.100000,0.100000,0.000000,0.700000,0.000000
19.5682,1,0.1221,0.0,860,15.239,0.120,1.83,0.100000,0.100000,0.000000,0.700000,0.000000
19.5688,1,-1.1880,0.0,857,15.239,0.120,1.83,0.100000,0.100000,0.000000,0.700000,0.000000
19.5690,1,1.4908,0.0,862,15.239,0.120,1.83,0.100000,0.100000,0.000000,0.700000,0.000000
19.5692,1,-6.2072,0.0,866,15.239,0.120,1.83,0.100000,0.100000,0.000000,0.700000,0.000000
19.5955,1,-5.4487,0.0,865,15.239,0.120,1.83,0.100000,0.100000,0.000000,0.700000,0.000000
19.6327,1,1.1285,0.0,864,15.239,0.120,1.83,0.100000,0.100000,0.000000,0.700000,0.000000
19.9124,1,7.9023,0.0,866,15.239,0.120,1.83,0.100000,0.100000,0.000000,0.700000,0.000000
19.9129,1,5.6905,0.0,862,15.239,0.120,1.83,0.100000,0.100000,0.000000,0.700000,0.000000
19.9134,1,3.9204,0.0,859,15.239,0.120,1.83,0.100000,0.100000,0.000000,0.700000,0.000000
19.9142,1,4.3109,0.0,860,15.239,0.120,1.83,0.100000,0.100000,0.000000,0.700000,0.000000
19.9145,1,6.6295,0.0,861,15.239,0.120,1.83,0.100000,0.100000,0.000000,0.700000,0.000000
20.0514,1,1.0340,0.0,864,15.239,0.120,1.83,0.100000,0.100000,0.000000,0.700000,0.000000
20.0521,1,8.8125,0.0,860,15.239,0.120,1.83,0.100000,0.100000,0.000000,0.700000,0.000000
20.1033,1,11.0858,0.0,860,15.239,0.120,1.83,0.100000,0.100000,0.000000,0.700000,0.000000
20.2476,1,5.2671,0.0,854,15.239,0.120,1.83,0.100000,0.100000,0.000000,0.700000,0.000000
20.2486,1,-0.0953,0.0,855,15.239,0.120,1.83,0.100000,0.100000,0.000000,0.700000,0.000000
20.3631,1,-3.1126,0.0,860,15.239,0.120,1.83,0.100000,0.100000,0.000000,0.700000,0.000000
20.5661,1,0.9905,0.0,864,15.239,0.120,1.83,0.100000,0.100000,0.000000,0.700000,0.000000
20.5668,1,4.3135,0.0,862,15.239,0.120,1.83,0.100000,0.100000,0.000000,0.700000,0.000000
20.5677,1,8.6076,0.0,860,15.239,0.120,1.83,0.100000,0.100000,0.000000,0.700000,0.000000
20.5682,1,5.7568,0.0,857,15.239,0.120,1.83,0.100000,0.100000,0.000000,0.700000,0.000000
20.6777,1,-6.2498,0.0,857,15.239,0.120,1.83,0.100000,0.100000,0.000000,0.700000,0.000000
20.8336,1,-8.8111,0.0,857,15.239,0.120,1.83,0.100000,0.100000,0.000000,0.700000,0.000000
20.8342,1,-20.4701,0.0,865,15.239,0.120,1.83,0.100000,0.100000,0.000000,0.700000,0.000000
21.0654,1,-12.7487,0.0,864,15.239,0.120,1.83,0.100000,0.100000,0.000000,0.700000,0.000000
21.0661,1,-16.7308,0.0,870,15.239,0.120,1.83,0.100000,0.100000,0.000000,0.700000,0.000000
21.0669,1,-7.5135,0.0,871,15.239,0.120,1.83,0.100000,0.100000,0.000000,0.700000,0.000000
21.0675,1,-1.2435,0.0,869,15.239,0.120,1.83,0.100000,0.100000,0.000000,0.700000,0.000000
21.0682,1,-8.5323,0.0,866,15.239,0.120,1.83,0.100000,0.100000,0.000000,0.700000,0.000000
21.3953,1,-4.8275,0.0,868,15.239,0.120,1.83,0.100000,0.100000,0.000000,0.700000,0.000000
21.3960,1,-1.9032,0.0,866,15.239,0.120,1.83,0.100000,0.100000,0.000000,0.700000,0.000000
21.3968,1,-0.9680,0.0,862,15.239,0.120,1.83,0.100000,0.100000,0.000000,0.700000,0.000000
21.3973,1,-1.6726,0.0,861,15.239,0.120,1.83,0.100000,0.100000,0.000000,0.700000,0.000000
21.3982,1,7.3140,0.0,865,15.239,0.120,1.83,0.100000,0.100000,0.000000,0.700000,0.000000
21.3983,1,11.7383,0.0,863,15.239,0.120,1.83,0.100000,0.100000,0.000000,0.700000,0.000000
21.3984,1,7.3262,0.0,859,15.239,0.120,1.83,0.100000,0.100000,0.000000,0.700000,0.000000
21.6419,1,3.3038,0.0,855,15.239,0.120,1.83,0.100000,0.100000,0.000000,0.700000,0.000000
21.6420,1,4.8687,0.0,855,15.239,0.120,1.83,0.100000,0.100000,0.000000,0.700000,0.000000
21.6422,1,5.5089,0.0,861,15.239,0.120,1.83,0.100000,0.100000,0.000000,0.700000,0.000000
21.6424,1,9.5802,0.0,860,15.239,0.120,1.83,0.100000,0.100000,0.000000,0.700000,0.000000
21.9927,1,11.9703,0.0,857,15.239,0.120,1.83,0.100000,0.100000,0.000000,0.700000,0.000000
21.9934,1,16.5737,0.0,856,15.239,0.120,1.83,0.100000,0.100000,0.000000,0.700000,0.000000
21.9942,1,17.1810,0.0,856,15.239,0.120,1.83,0.100000,0.100000,0.000000,0.700000,0.000000
21.9947,1,18.9527,0.0,853,15.239,0.120,1.83,0.100000,0.100000,0.000000,0.700000,0.000000
21.9951,1,20.3867,0.0,853,15.239,0.120,1.83,0.100000,0.100000,0.000000,0.700000,0.000000
21.9953,1,20.0029,0.0,850,15.239,0.120,1.83,0.100000,0.100000,0.000000,0.700000,0.000000
21.9955,1,16.8137,0.0,850,15.239,0.120,1.83,0.100000,0.100000,0.000000,0.700000,0.000000
21.9956,1,10.3306,0.0,850,15.239,0.120,1.83,0.100000,0.100000,0.000000,0.700000,0.000000
22.0445,1,8.6274,0.0,853,15.239,0.120,1.83,0.100000,0.100000,0.000000,0.700000,0.000000
22.3404,1,5.3312,0.0,854,15.239,0.120,1.83,0.100000,0.100000,0.000000,0.700000,0.000000
22.3410,1,3.4547,0.0,854,15.239,0.120,1.83,0.100000,0.100000,0.000000,0.700000,0.000000
22.3416,1,0.9096,0.0,856,15.239,0.120,1.83,0.100000,0.100000,0.000000,0.700000,0.000000
22.3420,1,-4.4812,0.0,856,15.239,0.120,1.83,0.100000,0.100000,0.000000,0.700000,0.000000
22.3426,1,-5.8031,0.0,856,15.239,0.120,1.83,0.100000,0.100000,0.000000,0.700000,0.000000
22.6460,1,-4.4728,0.0,856,15.239,0.120,1.83,0.100000,0.100000,0.000000,0.700000,0.000000
22.6467,1,-3.8119,0.0,862,15.239,0.120,1.83,0.100000,0.100000,0.000000,0.700000,0.000000
22.6473,1,-4.4557,0.0,861,15.239,0.120,1.83,0.100000,0.100000,0.000000,0.700000,0.000000
22.6481,1,-8.6258,0.0,860,15.239,0.120,1.83,0.100000,0.100000,0.000000,0.700000,0.000000
22.6489,1,-10.3407,0.0,860,15.239,0.120,1.83,0.100000,0.100000,0.000000,0.700000,0.000000
22.6490,1,-11.7774,0.0,863,15.239,0.120,1.83,0.100000,0.100000,0.000000,0.700000,0.000000
22.6492,1,-9.4231,0.0,867,15.239,0.120,1.83,0.100000,0.100000,0.000000,0.700000,0.000000
22.6493,1,-15.0151,0.0,868,15.239,0.120,1.83,0.100000,0.100000,0.000000,0.700000,0.000000
22.9892,1,-15.7521,0.0,872,15.239,0.120,1.83,0.100000,0.100000,0.000000,0.700000,0.000000
22.9900,1,-18.4053,0.0,872,15.239,0.120,1.83,0.100000,0.100000,0.000000,0.700000,0.000000
22.9905,1,-15.5354,0.0,869,15.239,0.120,1.83,0.100000,0.100000,0.000000,0.700000,0.000000
22.9910,1,-10.9112,0.0,871,15.239,0.120,1.83,0.100000,0.100000,0.000000,0.700000,0.000000
22.9918,1,-9.3902,0.0,870,15.239,0.120,1.83,0.100000,0.100000,0.000000,0.700000,0.000000
22.9919,1,-13.9039,0.0,865,15.239,0.120,1.83,0.100000,0.100000,0.000000,0.700000,0.000000
23.1401,1,-10.9812,0.0,866,15.239,0.120,1.83,0.100000,0.100000,0.000000,0.700000,0.000000
23.1408,1,-16.2888,0.0,869,15.239,0.120,1.83,0.100000,0.100000,0.000000,0.700000,0.000000
23.2534,1,-5.9936,0.0,869,15.239,0.120,1.83,0.100000,0.100000,0.000000,0.700000,0.000000
23.3309,1,-7.5735,0.0,871,15.239,0.120,1.83,0.100000,0.100000,0.000000,0.700000,0.000000
23.3319,1,1.0570,0.0,868,15.239,0.120,1.83,0.100000,0.100000,0.000000,0.700000,0.000000
23.9603,1,9.4472,0.0,864,15.239,0.120,1.83,0.100000,0.100000,0.000000,0.700000,0.000000
23.9609,1,-0.6255,0.0,862,15.239,0.120,1.83,0.100000,0.100000,0.000000,0.700000,0.000000
23.9617,1,-0.4502,0.0,862,15.239,0.120,1.83,0.100000,0.100000,0.000000,0.700000,0.000000
23.9623,1,0.2192,0.0,865,15.239,0.120,1.83,0.100000,0.100000,0.000000,0.700000,0.000000
23.9627,1,-0.4690,0.0,862,15.239,0.120,1.83,0.100000,0.100000,0.000000,0.700000,0.000000
23.9628,1,-2.8670,0.0,863,15.239,0.120,1.83,0.100000,0.100000,0.000000,0.700000,0.000000
23.9629,1,5.8600,0.0,864,15.239,0.120,1.83,0.100000,0.100000,0.000000,0.700000,0.000000
23.9631,1,14.2360,0.0,861,15.239,0.120,1.83,0.100000,0.100000,0.000000,0.700000,0.000000
23.9633,1,2.4799,0.0,859,15.239,0.120,1.83,0.100000,0.100000,0.000000,0.700000,0.000000
23.9635,1,5.2056,0.0,855,15.239,0.120,1.83,0.100000,0.100000,0.000000,0.700000,0.000000
23.9636,1,-0.2413,0.0,861,15.239,0.120,1.83,0.100000,0.100000,0.000000,0.700000,0.000000
23.9637,1,5.2643,0.0,857,15.239,0.120,1.83,0.100000,0.100000,0.000000,0.700000,0.000000
24.0509,1,10.2393,0.0,858,15.239,0.120,1.83,0.100000,0.100000,0.000000,0.700000,0.000000
24.0977,1,16.7595,0.0,858,15.239,0.120,1.83,0.100000,0.100000,0.000000,0.700000,0.000000
24.1666,1,14.7553,0.0,855,15.239,0.120,1.83,0.100000,0.100000,0.000000,0.700000,0.000000
24.3720,1,16.8631,0.0,854,15.239,0.120,1.83,0.100000,0.100000,0.000000,0.700000,0.000000
24.3725,1,6.1680,0.0,853,15.239,0.120,1.83,0.100000,0.100000,0.000000,0.700000,0.000000
24.3731,1,3.6129,0.0,854,15.239,0.120,1.83,0.100000,0.100000,0.000000,0.700000,0.000000
24.3736,1,4.1387,0.0,860,15.239,0.120,1.83,0.100000,0.100000,0.000000,0.700000,0.000000
24.5166,1,0.6386,0.0,858,15.239,0.120,1.83,0.100000,0.100000,0.000000,0.700000,0.000000
24.5175,1,-2.4848,0.0,856,15.239,0.120,1.83,0.100000,0.100000,0.000000,0.700000,0.000000
24.6324,1,0.3946,0.0,860,15.239,0.120,1.83,0.100000,0.100000,0.000000,0.700000,0.000000
24.6997,1,0.5697,0.0,860,15.239,0.120,1.83,0.100000,0.100000,0.000000,0.700000,0.000000
24.8172,1,4.0428,0.0,859,15.239,0.120,1.83,0.100000,0.100000,0.000000,0.700000,0.000000
25.1916,1,8.8006,0.0,857,15.239,0.120,1.83,0.100000,0.100000,0.000000,0.700000,0.000000
25.1921,1,6.9542,0.0,857,15.239,0.120,1.83,0.100000,0.100000,0.000000,0.700000,0.000000
25.1929,1,6.0691,0.0,856,15.239,0.120,1.83,0.100000,0.100000,0.000000,0.700000,0.000000
25.1935,1,-0.4737,0.0,855,15.239,0.120,1.83,0.100000,0.100000,0.000000,0.700000,0.000000
25.1937,1,-7.0017,0.0,856,15.239,0.120,1.83,0.100000,0.100000,0.000000,0.700000,0.000000
25.1939,1,-14.0198,0.0,861,15.239,0.120,1.83,0.100000,0.100000,0.000000,0.700000,0.000000
25.1940,1,-13.7531,0.0,866,15.239,0.120,1.83,0.100000,0.100000,0.000000,0.700000,0.000000
25.1941,1,-17.9807,0.0,869,15.239,0.120,1.83,0.100000,0.100000,0.000000,0.700000,0.000000
25.3336,1,-17.0201,0.0,869,15.239,0.120,1.83,0.100000,0.100000,0.000000,0.700000,0.000000
25.3348,1,-16.2110,0.0,867,15.239,0.120,1.83,0.100000,0.100000,0.000000,0.700000,0.000000
25.5229,1,-20.1526,0.0,870,15.239,0.120,1.83,0.100000,0.100000,0.000000,0.700000,0.000000
25.5238,1,-14.9172,0.0,870,15.239,0.120,1.83,0.100000,0.100000,0.000000,0.700000,0.000000
25.5248,1,-17.4124,0.0,871,15.239,0.120,1.83,0.100000,0.100000,0.000000,0.700000,0.000000
25.5253,1,-11.4264,0.0,867,15.239,0.120,1.83,0.100000,0.100000,0.000000,0.700000,0.000000
25.7131,1,-8.2215,0.0,868,15.239,0.120,1.83,0.100000,0.100000,0.000000,0.700000,0.000000
25.7825,1,-6.8211,0.0,870,15.239,0.120,1.83,0.100000,0.100000,0.000000,0.700000,0.000000
25.9434,1,2.2719,0.0,866,15.239,0.120,1.83,0.100000,0.100000,0.000000,0.700000,0.000000
26.0245,1,-1.2810,0.0,867,15.239,0.120,1.83,0.100000,0.100000,0.000000,0.700000,0.000000
26.0251,1,0.5535,0.0,862,15.239,0.120,1.83,0.100000,0.100000,0.000000,0.700000,0.000000
26.1386,1,4.8105,0.0,863,15.239,0.120,1.83,0.100000,0.100000,0.000000,0.700000,0.000000
26.1397,1,-3.8142,0.0,861,15.239,0.120,1.83,0.100000,0.100000,0.000000,0.700000,0.000000
26.3407,1,-5.1287,0.0,862,15.239,0.120,1.83,0.100000,0.100000,0.000000,0.700000,0.000000
26.3417,1,3.9370,0.0,865,15.239,0.120,1.83,0.100000,0.100000,0.000000,0.700000,0.000000
26.3429,1,11.8177,0.0,865,15.239,0.120,1.83,0.100000,0.100000,0.000000,0.700000,0.000000
26.4845,1,5.0650,0.0,860,15.239,0.120,1.83,0.100000,0.100000,0.000000,0.700000,0.000000
26.4855,1,4.3254,0.0,856,15.239,0.120,1.83,0.100000,0.100000,0.000000,0.700000,0.000000
26.7169,1,9.0323,0.0,861,15.239,0.120,1.83,0.100000,0.100000,0.000000,0.700000,0.000000
26.7179,1,-0.6188,0.0,861,15.239,0.120,1.83,0.100000,0.100000,0.000000,0.700000,0.000000
26.7188,1,-1.3648,0.0,862,15.239,0.120,1.83,0.100000,0.100000,0.000000,0.700000,0.000000
26.7193,1,3.1024,0.0,861,15.239,0.120,1.83,0.100000,0.100000,0.000000,0.700000,0.000000
26.7939,1,10.5212,0.0,863,15.239,0.120,1.83,0.100000,0.100000,0.000000,0.700000,0.000000
26.7946,1,3.8805,0.0,860,15.239,0.120,1.83,0.100000,0.100000,0.000000,0.700000,0.000000
26.8953,1,-1.6154,0.0,856,15.239,0.120,1.83,0.100000,0.100000,0.000000,0.700000,0.000000
27.1765,1,-9.0353,0.0,863,15.239,0.120,1.83,0.100000,0.100000,0.000000,0.700000,0.000000
27.1770,1,0.5479,0.0,865,15.239,0.120,1.83,0.100000,0.100000,0.000000,0.700000,0.000000
27.1777,1,7.6791,0.0,861,15.239,0.120,1.83,0.100000,0.100000,0.000000,0.700000,0.000000
27.1780,1,12.1764,0.0,861,15.239,0.120,1.83,0.100000,0.100000,0.000000,0.700000,0.000000
27.4805,1,2.8173,0.0,854,15.239,0.120,1.83,0.100000,0.100000,0.000000,0.700000,0.000000
27.4812,1,-0.5122,0.0,859,15.239,0.120,1.83,0.100000,0.100000,0.000000,0.700000,0.000000
27.4819,1,6.6979,0.0,860,15.239,0.120,1.83,0.100000,0.100000,0.000000,0.700000,0.000000
27.4824,1,8.8429,0.0,858,15.239,0.120,1.83,0.100000,0.100000,0.000000,0.700000,0.000000
27.9707,1,9.8135,0.0,859,15.239,0.120,1.83,0.100000,0.100000,0.000000,0.700000,0.000000
27.9713,1,-4.7257,0.0,856,15.239,0.120,1.83,0.100000,0.100000,0.000000,0.700000,0.000000
27.9721,1,-8.0758,0.0,858,15.239,0.120,1.83,0.100000,0.100000,0.000000,0.700000,0.000000
27.9726,1,-6.8666,0.0,865,15.239,0.120,1.83,0.100000,0.100000,0.000000,0.700000,0.000000
27.9732,1,-11.8981,0.0,862,15.239,0.120,1.83,0.100000,0.100000,0.000000,0.700000,0.000000
27.9733,1,-2.9647,0.0,867,15.239,0.120,1.83,0.100000,0.100000,0.000000,0.700000,0.000000
27.9736,1,-1.8346,0.0,865,15.239,0.120,1.83,0.100000,0.100000,0.000000,0.700000,0.000000
27.9736,1,-4.7443,0.0,863,15.239,0.120,1.83,0.100000,0.100000,0.000000,0.700000,0.000000
28.0385,1,-14.5326,0.0,866,15.239,0.120,1.83,0.100000,0.100000,0.000000,0.700000,0.000000
28.3168,1,-9.7695,0.0,862,15.239,0.120,1.83,0.100000,0.100000,0.000000,0.700000,0.000000
28.3179,1,1.7258,0.0,867,15.239,0.120,1.83,0.100000,0.100000,0.000000,0.700000,0.000000
28.3184,1,4.9310,0.0,864,15.239,0.120,1.83,0.100000,0.100000,0.000000,0.700000,0.000000
28.3194,1,-1.2307,0.0,864,15.239,0.120,1.83,0.100000,0.100000,0.000000,0.700000,0.000000
28.3828,1,-1.6836,0.0,865,15.239,0.120,1.83,0.100000,0.100000,0.000000,0.700000,0.000000
28.5181,1,-3.3188,0.0,864,15.239,0.120,1.83,0.100000,0.100000,0.000000,0.700000,0.000000
28.5190,1,-3.5026,0.0,863,15.239,0.120,1.83,0.100000,0.100000,0.000000,0.700000,0.000000
28.7359,1,-0.3533,0.0,861,15.239,0.120,1.83,0.100000,0.100000,0.000000,0.700000,0.000000
28.9095,1,6.6529,0.0,866,15.239,0.120,1.83,0.100000,0.100000,0.000000,0.700000,0.000000
29.0226,1,7.8528,0.0,860,15.239,0.120,1.83,0.100000,0.100000,0.000000,0.700000,0.000000
29.0233,1,-1.6225,0.0,857,15.239,0.120,1.83,0.100000,0.100000,0.000000,0.700000,0.000000
29.0241,1,-2.1969,0.0,861,15.239,0.120,1.83,0.100000,0.100000,0.000000,0.700000,0.000000
29.2245,1,-8.8208,0.0,862,15.239,0.120,1.83,0.100000,0.100000,0.000000,0.700000,0.000000
29.2251,1,-0.8211,0.0,864,15.239,0.120,1.83,0.100000,0.100000,0.000000,0.700000,0.000000
29.2261,1,-5.7703,0.0,864,15.239,0.120,1.83,0.100000,0.100000,0.000000,0.700000,0.000000
29.4548,1,4.4892,0.0,864,15.239,0.120,1.83,0.100000,0.100000,0.000000,0.700000,0.000000
29.4557,1,6.8778,0.0,863,15.239,0.120,1.83,0.100000,0.100000,0.000000,0.700000,0.000000
29.4563,1,-1.6332,0.0,859,15.239,0.120,1.83,0.100000,0.100000,0.000000,0.700000,0.000000
29.4570,1,3.2223,0.0,862,15.239,0.120,1.83,0.100000,0.100000,0.000000,0.700000,0.000000
29.7108,1,1.3751,0.0,862,15.239,0.120,1.83,0.100000,0.100000,0.000000,0.700000,0.000000
29.7118,1,11.3183,0.0,861,15.239,0.120,1.83,0.100000,0.100000,0.000000,0.700000,0.000000
29.7126,1,18.7575,0.0,862,15.239,0.120,1.83,0.100000,0.100000,0.000000,0.700000,0.000000
29.7131,1,34.5673,0.0,852,15.239,0.120,1.83,0.100000,0.100000,0.000000,0.700000,0.000000
30.1080,1,46.7686,0.0,845,15.239,0.120,1.83,0.100000,0.100000,0.000000,0.700000,0.000000
30.1087,1,51.6469,0.0,839,15.239,0.120,1.83,0.100000,0.100000,0.000000,0.700000,0.000000
30.1093,1,56.4847,0.0,832,15.239,0.120,1.83,0.100000,0.100000,0.000000,0.700000,0.000000
30.1100,1,55.6408,0.0,831,15.239,0.120,1.83,0.100000,0.100000,0.000000,0.700000,0.000000
30.1105,1,7.8273,0.0,822,15.239,0.120,1.83,0.100000,0.100000,0.000000,0.700000,0.000000
30.1107,1,11.7588,0.0,834,15.239,0.120,1.83,0.100000,0.100000,0.000000,0.700000,0.000000
30.1111,1,35.0259,0.0,852,15.239,0.120,1.83,0.100000,0.100000,0.000000,0.700000,0.000000
30.1113,1,58.6411,0.0,835,15.239,0.120,1.83,0.100000,0.100000,0.000000,0.700000,0.000000
30.3182,1,3.6672,0.0,824,15.239,0.120,1.83,0.100000,0.100000,0.000000,0.700000,0.000000
30.3189,1,-35.2744,0.0,841,15.239,0.120,1.83,0.100000,0.100000,0.000000,0.700000,0.000000
30.3198,1,7.3102,0.0,864,15.239,0.120,1.83,0.100000,0.100000,0.000000,0.700000,0.000000
30.4020,1,36.8273,0.0,852,15.239,0.120,1.83,0.100000,0.100000,0.000000,0.700000,0.000000
30.5287,1,53.2861,0.0,835,15.239,0.120,1.83,0.100000,0.100000,0.000000,0.700000,0.000000
30.5296,1,30.4746,0.0,823,15.239,0.120,1.83,0.100000,0.100000,0.000000,0.700000,0.000000
30.5948,1,-18.2984,0.0,820,15.239,0.120,1.83,0.100000,0.100000,0.000000,0.700000,0.000000
30.7913,1,-9.0055,0.0,837,15.239,0.120,1.83,0.100000,0.100000,0.000000,0.700000,0.000000
31.1034,1,-6.4362,0.0,855,15.239,0.120,1.83,0.100000,0.100000,0.000000,0.700000,0.000000
31.1037,1,-2.1544,0.0,851,15.239,0.120,1.83,0.100000,0.100000,0.000000,0.700000,0.000000
31.1042,1,-14.0882,0.0,851,15.239,0.120,1.83,0.100000,0.100000,0.000000,0.700000,0.000000
31.1048,1,-22.7621,0.0,855,15.239,0.120,1.83,0.100000,0.100000,0.000000,0.700000,0.000000
31.1056,1,-30.7274,0.0,857,15.239,0.120,1.83,0.100000,0.100000,0.000000,0.700000,0.000000
31.1061,1,-38.8998,0.0,864,15.239,0.120,1.83,0.100000,0.100000,0.000000,0.700000,0.000000
31.1815,1,-42.5101,0.0,865,15.239,0.120,1.83,0.100000,0.100000,0.000000,0.700000,0.000000
31.1823,1,-51.9576,0.0,872,15.239,0.120,1.83,0.100000,0.100000,0.000000,0.700000,0.000000
31.3278,1,-42.5597,0.0,873,15.239,0.120,1.83,0.100000,0.100000,0.000000,0.700000,0.000000
31.6890,1,-36.4489,0.0,881,15.239,0.120,1.83,0.100000,0.100000,0.000000,0.700000,0.000000
31.6896,1,-19.9667,0.0,876,15.239,0.120,1.83,0.100000,0.100000,0.000000,0.700000,0.000000
31.6906,1,-11.3133,0.0,871,15.239,0.120,1.83,0.100000,0.100000,0.000000,0.700000,0.000000
31.6912,1,9.6172,0.0,865,15.239,0.120,1.83,0.100000,0.100000,0.000000,0.700000,0.000000
31.6914,1,31.2559,0.0,859,15.239,0.120,1.83,0.100000,0.100000,0.000000,0.700000,0.000000
31.6916,1,46.1936,0.0,850,15.239,0.120,1.83,0.100000,0.100000,0.000000,0.700000,0.000000
31.6917,1,59.5578,0.0,833,15.239,0.120,1.83,0.100000,0.100000,0.000000,0.700000,0.000000
31.6920,1,40.8234,0.0,824,15.239,0.120,1.83,0.100000,0.100000,0.000000,0.700000,0.000000
31.7892,1,-5.6750,0.0,824,15.239,0.120,1.83,0.100000,0.100000,0.000000,0.700000,0.000000
31.7905,1,-9.8653,0.0,848,15.239,0.120,1.83,0.100000,0.100000,0.000000,0.700000,0.000000
31.8997,1,13.4600,0.0,861,15.239,0.120,1.83,0.100000,0.100000,0.000000,0.700000,0.000000
31.9478,1,35.2705,0.0,853,15.239,0.120,1.83,0.100000,0.100000,0.000000,0.700000,0.000000
32.0305,1,58.0224,0.0,844,15.239,0.120,1.83,0.100000,0.100000,0.000000,0.700000,0.000000
32.0313,1,33.6730,0.0,832,15.239,0.120,1.83,0.100000,0.100000,0.000000,0.700000,0.000000
32.1771,1,-25.9261,0.0,823,15.239,0.120,1.83,0.100000,0.100000,0.000000,0.700000,0.000000
32.2489,1,-46.3222,0.0,853,15.239,0.120,1.83,0.100000,0.100000,0.000000,0.700000,0.000000
32.3724,1,-35.2447,0.0,873,15.239,0.120,1.83,0.100000,0.100000,0.000000,0.700000,0.000000
32.3729,1,-27.2134,0.0,868,15.239,0.120,1.83,0.100000,0.100000,0.000000,0.700000,0.000000
32.4844,1,-22.5512,0.0,865,15.239,0.120,1.83,0.100000,0.100000,0.000000,0.700000,0.000000
32.5644,1,-18.1556,0.0,867,15.239,0.120,1.83,0.100000,0.100000,0.000000,0.700000,0.000000
32.5651,1,-19.7623,0.0,863,15.239,0.120,1.83,0.100000,0.100000,0.000000,0.700000,0.000000
33.0585,1,-21.3437,0.0,863,15.239,0.120,1.83,0.100000,0.100000,0.000000,0.700000,0.000000
33.0591,1,-26.7925,0.0,864,15.239,0.120,1.83,0.100000,0.100000,0.000000,0.700000,0.000000
33.0598,1,-32.5464,0.0,867,15.239,0.120,1.83,0.100000,0.100000,0.000000,0.700000,0.000000
33.0603,1,-40.4534,0.0,868,15.239,0.120,1.83,0.100000,0.100000,0.000000,0.700000,0.000000
33.0611,1,-51.8514,0.0,874,15.239,0.120,1.83,0.100000,0.100000,0.000000,0.700000,0.000000
33.0612,1,-59.6300,0.0,878,15.239,0.120,1.83,0.100000,0.100000,0.000000,0.700000,0.000000
33.0613,1,-55.1058,0.0,883,15.239,0.120,1.83,0.100000,0.100000,0.000000,0.700000,0.000000
33.0614,1,-46.7975,0.0,891,15.239,0.120,1.83,0.100000,0.100000,0.000000,0.700000,0.000000
33.0615,1,-41.4066,0.0,890,15.239,0.120,1.83,0.100000,0.100000,0.000000,0.700000,0.000000
33.1031,1,-19.5316,0.0,887,15.239,0.120,1.83,0.100000,0.100000,0.000000,0.700000,0.000000
33.3018,1,-6.6574,0.0,882,15.239,0.120,1.83,0.100000,0.100000,0.000000,0.700000,0.000000
33.3027,1,11.0567,0.0,874,15.239,0.120,1.83,0.100000,0.100000,0.000000,0.700000,0.000000
33.3029,1,21.1203,0.0,867,15.239,0.120,1.83,0.100000,0.100000,0.000000,0.700000,0.000000
33.3031,1,38.3541,0.0,859,15.239,0.120,1.83,0.100000,0.100000,0.000000,0.700000,0.000000
33.5015,1,58.1588,0.0,846,15.239,0.120,1.83,0.100000,0.100000,0.000000,0.700000,0.000000
33.5018,1,55.8742,0.0,838,15.239,0.120,1.83,0.100000,0.100000,0.000000,0.700000,0.000000
33.5025,1,65.1474,0.0,827,15.239,0.120,1.83,0.100000,0.100000,0.000000,0.700000,0.000000
33.5029,1,34.2195,0.0,824,15.239,0.120,1.83,0.100000,0.100000,0.000000,0.700000,0.000000
33.6457,1,34.4037,0.0,828,15.239,0.120,1.83,0.100000,0.100000,0.000000,0.700000,0.000000
33.6465,1,58.0450,0.0,842,15.239,0.120,1.83,0.100000,0.100000,0.000000,0.700000,0.000000
33.7130,1,54.3971,0.0,826,15.239,0.120,1.83,0.100000,0.100000,0.000000,0.700000,0.000000
33.8666,1,11.2713,0.0,820,15.239,0.120,1.83,0.100000,0.100000,0.000000,0.700000,0.000000
33.8674,1,2.2591,0.0,840,15.239,0.120,1.83,0.100000,0.100000,0.000000,0.700000,0.000000
34.1437,1,37.3044,0.0,853,15.239,0.120,1.83,0.100000,0.100000,0.000000,0.700000,0.000000
34.1443,1,60.3383,0.0,844,15.239,0.120,1.83,0.100000,0.100000,0.000000,0.700000,0.000000
34.1451,1,22.0515,0.0,829,15.239,0.120,1.83,0.100000,0.100000,0.000000,0.700000,0.000000
34.1455,1,-26.5716,0.0,818,15.239,0.120,1.83,0.100000,0.100000,0.000000,0.700000,0.000000
34.1457,1,-28.4000,0.0,839,15.239,0.120,1.83,0.100000,0.100000,0.000000,0.700000,0.000000
34.3342,1,21.3291,0.0,867,15.239,0.120,1.83,0.100000,0.100000,0.000000,0.700000,0.000000
34.7344,1,28.4884,0.0,843,15.239,0.120,1.83,0.100000,0.100000,0.000000,0.700000,0.000000
34.7354,1,33.8605,0.0,836,15.239,0.120,1.83,0.100000,0.100000,0.000000,0.700000,0.000000
34.7362,1,22.2215,0.0,833,15.239,0.120,1.83,0.100000,0.100000,0.000000,0.700000,0.000000
34.7366,1,13.5176,0.0,833,15.239,0.120,1.83,0.100000,0.100000,0.000000,0.700000,0.000000
34.7370,1,1.8122,0.0,835,15.239,0.120,1.83,0.100000,0.100000,0.000000,0.700000,0.000000
34.7376,1,-8.1039,0.0,843,15.239,0.120,1.83,0.100000,0.100000,0.000000,0.700000,0.000000
34.7380,1,-21.9500,0.0,849,15.239,0.120,1.83,0.100000,0.100000,0.000000,0.700000,0.000000
34.7384,1,-34.3179,0.0,856,15.239,0.120,1.83,0.100000,0.100000,0.000000,0.700000,0.000000
34.7385,1,-51.0667,0.0,859,15.239,0.120,1.83,0.100000,0.100000,0.000000,0.700000,0.000000
34.9174,1,-61.1601,0.0,868,15.239,0.120,1.83,0.100000,0.100000,0.000000,0.700000,0.000000
34.9181,1,-68.5256,0.0,876,15.239,0.120,1.83,0.100000,0.100000,0.000000,0.700000,0.000000
35.0274,1,-74.0744,0.0,882,15.239,0.120,1.83,0.100000,0.100000,0.000000,0.700000,0.000000
35.0586,1,-79.9213,0.0,893,15.239,0.120,1.83,0.100000,0.100000,0.000000,0.700000,0.000000
35.3793,1,-86.2033,0.0,896,15.239,0.120,1.83,0.100000,0.100000,0.000000,0.700000,0.000000
35.3800,1,-85.0327,0.0,901,15.239,0.120,1.83,0.100000,0.100000,0.000000,0.700000,0.000000
35.3805,1,-83.5813,0.0,905,15.239,0.120,1.83,0.100000,0.100000,0.000000,0.700000,0.000000
35.3813,1,-70.9768,0.0,911,15.239,0.120,1.83,0.100000,0.100000,0.000000,0.700000,0.000000
35.3816,1,-47.1392,0.0,909,15.239,0.120,1.83,0.100000,0.100000,0.000000,0.700000,0.000000
35.3818,1,-24.8405,0.0,904,15.239,0.120,1.83,0.100000,0.100000,0.000000,0.700000,0.000000
35.3820,1,-6.3700,0.0,885,15.239,0.120,1.83,0.100000,0.100000,0.000000,0.700000,0.000000
35.6295,1,7.0880,0.0,885,15.239,0.120,1.83,0.100000,0.100000,0.000000,0.700000,0.000000
35.6301,1,14.7257,0.0,874,15.239,0.120,1.83,0.100000,0.100000,0.000000,0.700000,0.000000
35.6310,1,31.1581,0.0,867,15.239,0.120,1.83,0.100000,0.100000,0.000000,0.700000,0.000000
35.6314,1,44.8871,0.0,857,15.239,0.120,1.83,0.100000,0.100000,0.000000,0.700000,0.000000
35.6320,1,54.2917,0.0,857,15.239,0.120,1.83,0.100000,0.100000,0.000000,0.700000,0.000000
35.6971,1,71.3837,0.0,845,15.239,0.120,1.83,0.100000,0.100000,0.000000,0.700000,0.000000
35.6978,1,88.4102,0.0,839,15.239,0.120,1.83,0.100000,0.100000,0.000000,0.700000,0.000000
35.6984,1,89.8127,0.0,824,15.239,0.120,1.83,0.100000,0.100000,0.000000,0.700000,0.000000
36.0358,1,72.3725,0.0,815,15.239,0.120,1.83,0.100000,0.100000,0.000000,0.700000,0.000000
36.0361,1,47.8062,0.0,815,15.239,0.120,1.83,0.100000,0.100000,0.000000,0.700000,0.000000
36.0365,1,19.3008,0.0,825,15.239,0.120,1.83,0.100000,0.100000,0.000000,0.700000,0.000000
36.0370,1,8.7690,0.0,844,15.239,0.120,1.83,0.100000,0.100000,0.000000,0.700000,0.000000
36.0377,1,13.8375,0.0,855,15.239,0.120,1.83,0.100000,0.100000,0.000000,0.700000,0.000000
36.0382,1,30.7451,0.0,855,15.239,0.120,1.83,0.100000,0.100000,0.000000,0.700000,0.000000
36.1771,1,45.1717,0.0,851,15.239,0.120,1.83,0.100000,0.100000,0.000000,0.700000,0.000000
36.1778,1,60.0795,0.0,840,15.239,0.120,1.83,0.100000,0.100000,0.000000,0.700000,0.000000
36.1784,1,77.0763,0.0,830,15.239,0.120,1.83,0.100000,0.100000,0.000000,0.700000,0.000000
36.2905,1,70.6351,0.0,830,15.239,0.120,1.83,0.100000,0.100000,0.000000,0.700000,0.000000
36.2912,1,37.9597,0.0,815,15.239,0.120,1.83,0.100000,0.100000,0.000000,0.700000,0.000000
36.4076,1,3.8495,0.0,818,15.239,0.120,1.83,0.100000,0.100000,0.000000,0.700000,0.000000
36.4868,1,-27.2292,0.0,839,15.239,0.120,1.83,0.100000,0.100000,0.000000,0.700000,0.000000
36.4876,1,-36.1160,0.0,839,15.239,0.120,1.83,0.100000,0.100000,0.000000,0.700000,0.000000
36.7649,1,-16.0246,0.0,867,15.239,0.120,1.83,0.100000,0.100000,0.000000,0.700000,0.000000
36.7661,1,17.7784,0.0,870,15.239,0.120,1.83,0.100000,0.100000,0.000000,0.700000,0.000000
36.7667,1,46.8127,0.0,851,15.239,0.120,1.83,0.100000,0.100000,0.000000,0.700000,0.000000
36.7673,1,67.9475,0.0,851,15.239,0.120,1.83,0.100000,0.100000,0.000000,0.700000,0.000000
36.8172,1,74.2981,0.0,832,15.239,0.120,1.83,0.100000,0.100000,0.000000,0.700000,0.000000
37.2344,1,65.6945,0.0,812,15.239,0.120,1.83,0.100000,0.100000,0.000000,0.700000,0.000000
37.2351,1,33.0384,0.0,813,15.239,0.120,1.83,0.100000,0.100000,0.000000,0.700000,0.000000
37.2358,1,-0.9368,0.0,813,15.239,0.120,1.83,0.100000,0.100000,0.000000,0.700000,0.000000
37.2362,1,-25.9508,0.0,826,15.239,0.120,1.83,0.100000,0.100000,0.000000,0.700000,0.000000
37.2365,1,-27.4990,0.0,850,15.239,0.120,1.83,0.100000,0.100000,0.000000,0.700000,0.000000
37.2373,1,17.9413,0.0,871,15.239,0.120,1.83,0.100000,0.100000,0.000000,0.700000,0.000000
37.2378,1,31.1383,0.0,848,15.239,0.120,1.83,0.100000,0.100000,0.000000,0.700000,0.000000
37.2379,1,32.0036,0.0,836,15.239,0.120,1.83,0.100000,0.100000,0.000000,0.700000,0.000000
37.5067,1,18.6609,0.0,830,15.239,0.120,1.83,0.100000,0.100000,0.000000,0.700000,0.000000
37.5073,1,-7.3002,0.0,840,15.239,0.120,1.83,0.100000,0.100000,0.000000,0.700000,0.000000
37.5085,1,-26.8973,0.0,844,15.239,0.120,1.83,0.100000,0.100000,0.000000,0.700000,0.000000
37.5098,1,-51.4616,0.0,857,15.239,0.120,1.83,0.100000,0.100000,0.000000,0.700000,0.000000
37.6475,1,-76.1491,0.0,871,15.239,0.120,1.83,0.100000,0.100000,0.000000,0.700000,0.000000
37.6486,1,-87.2378,0.0,888,15.239,0.120,1.83,0.100000,0.100000,0.000000,0.700000,0.000000
37.7917,1,-96.5675,0.0,902,15.239,0.120,1.83,0.100000,0.100000,0.000000,0.700000,0.000000
37.8941,1,-94.4804,0.0,910,15.239,0.120,1.83,0.100000,0.100000,0.000000,0.700000,0.000000
38.0114,1,-93.8379,0.0,914,15.239,0.120,1.83,0.100000,0.100000,0.000000,0.700000,0.000000
38.0792,1,-68.1220,0.0,921,15.239,0.120,1.83,0.100000,0.100000,0.000000,0.700000,0.000000
38.2567,1,-26.7273,0.0,911,15.239,0.120,1.83,0.100000,0.100000,0.000000,0.700000,0.000000
38.2581,1,21.2902,0.0,894,15.239,0.120,1.83,0.100000,0.100000,0.000000,0.700000,0.000000
38.3106,1,56.4264,0.0,881,15.239,0.120,1.83,0.100000,0.100000,0.000000,0.700000,0.000000
38.4869,1,87.5420,0.0,855,15.239,0.120,1.83,0.100000,0.100000,0.000000,0.700000,0.000000
38.6995,1,99.5288,0.0,831,15.239,0.120,1.83,0.100000,0.100000,0.000000,0.700000,0.000000
38.7006,1,44.3442,0.0,819,15.239,0.120,1.83,0.100000,0.100000,0.000000,0.700000,0.000000
38.7012,1,11.5583,0.0,827,15.239,0.120,1.83,0.100000,0.100000,0.000000,0.700000,0.000000
38.7810,1,43.0252,0.0,846,15.239,0.120,1.83,0.100000,0.100000,0.000000,0.700000,0.000000
38.8783,1,78.0758,0.0,851,15.239,0.120,1.83,0.100000,0.100000,0.000000,0.700000,0.000000
38.9491,1,57.0091,0.0,822,15.239,0.120,1.83,0.100000,0.100000,0.000000,0.700000,0.000000
39.0275,1,3.7166,0.0,818,15.239,0.120,1.83,0.100000,0.100000,0.000000,0.700000,0.000000
39.1875,1,27.7861,0.0,851,15.239,0.120,1.83,0.100000,0.100000,0.000000,0.700000,0.000000
39.1886,1,69.4943,0.0,855,15.239,0.120,1.83,0.100000,0.100000,0.000000,0.700000,0.000000
39.3864,1,27.5356,0.0,824,15.239,0.120,1.83,0.100000,0.100000,0.000000,0.700000,0.000000
39.3870,1,-27.9480,0.0,821,15.239,0.120,1.83,0.100000,0.100000,0.000000,0.700000,0.000000
39.3882,1,-17.9581,0.0,862,15.239,0.120,1.83,0.100000,0.100000,0.000000,0.700000,0.000000
39.6073,1,40.5314,0.0,868,15.239,0.120,1.83,0.100000,0.100000,0.000000,0.700000,0.000000
39.6083,1,74.4334,0.0,857,15.239,0.120,1.83,0.100000,0.100000,0.000000,0.700000,0.000000
39.6092,1,55.6070,0.0,832,15.239,0.120,1.83,0.100000,0.100000,0.000000,0.700000,0.000000
39.7519,1,-9.2404,0.0,819,15.239,0.120,1.83,0.100000,0.100000,0.000000,0.700000,0.000000
39.7528,1,-51.3579,0.0,833,15.239,0.120,1.83,0.100000,0.100000,0.000000,0.700000,0.000000
39.8814,1,-49.5465,0.0,866,15.239,0.120,1.83,0.100000,0.100000,0.000000,0.700000,0.000000
39.8824,1,-36.5839,0.0,880,15.239,0.120,1.83,0.100000,0.100000,0.000000,0.700000,0.000000
39.9503,1,-28.3550,0.0,875,15.239,0.120,1.83,0.100000,0.100000,0.000000,0.700000,0.000000
40.3566,1,-18.4746,0.0,870,15.239,0.120,1.83,0.100000,0.100000,0.000000,0.700000,0.000000
40.3574,1,-9.2900,0.0,864,15.239,0.120,1.83,0.100000,0.100000,0.000000,0.700000,0.000000
40.3585,1,-14.9392,0.0,862,15.239,0.120,1.83,0.100000,0.100000,0.000000,0.700000,0.000000
40.3592,1,-11.7765,0.0,861,15.239,0.120,1.83,0.100000,0.100000,0.000000,0.700000,0.000000
40.3603,1,-12.9558,0.0,861,15.239,0.120,1.83,0.100000,0.100000,0.000000,0.700000,0.000000
40.3608,1,-18.2934,0.0,863,15.239,0.120,1.83,0.100000,0.100000,0.000000,0.700000,0.000000
40.3610,1,-27.4950,0.0,863,15.239,0.120,1.83,0.100000,0.100000,0.000000,0.700000,0.000000
40.5259,1,-33.6437,0.0,865,15.239,0.120,1.83,0.100000,0.100000,0.000000,0.700000,0.000000
40.5267,1,-40.9037,0.0,871,15.239,0.120,1.83,0.100000,0.100000,0.000000,0.700000,0.000000
40.5279,1,-49.8016,0.0,876,15.239,0.120,1.83,0.100000,0.100000,0.000000,0.700000,0.000000
40.5286,1,-53.6138,0.0,883,15.239,0.120,1.83,0.100000,0.100000,0.000000,0.700000,0.000000
40.6947,1,-55.4961,0.0,887,15.239,0.120,1.83,0.100000,0.100000,0.000000,0.700000,0.000000
40.9158,1,-63.3092,0.0,889,15.239,0.120,1.83,0.100000,0.100000,0.000000,0.700000,0.000000
40.9164,1,-80.2222,0.0,893,15.239,0.120,1.83,0.100000,0.100000,0.000000,0.700000,0.000000
40.9171,1,-71.0509,0.0,903,15.239,0.120,1.83,0.100000,0.100000,0.000000,0.700000,0.000000
40.9176,1,-53.3810,0.0,909,15.239,0.120,1.83,0.100000,0.100000,0.000000,0.700000,0.000000
41.0260,1,-37.0722,0.0,902,15.239,0.120,1.83,0.100000,0.100000,0.000000,0.700000,0.000000
41.0267,1,-14.3097,0.0,895,15.239,0.120,1.83,0.100000,0.100000,0.000000,0.700000,0.000000
41.1559,1,9.0944,0.0,887,15.239,0.120,1.83,0.100000,0.100000,0.000000,0.700000,0.000000
41.1565,1,31.3772,0.0,876,15.239,0.120,1.83,0.100000,0.100000,0.000000,0.700000,0.000000
41.1569,1,43.6439,0.0,866,15.239,0.120,1.83,0.100000,0.100000,0.000000,0.700000,0.000000
41.6373,1,66.0731,0.0,853,15.239,0.120,1.83,0.100000,0.100000,0.000000,0.700000,0.000000
41.6378,1,83.4757,0.0,848,15.239,0.120,1.83,0.100000,0.100000,0.000000,0.700000,0.000000
41.6386,1,87.0984,0.0,827,15.239,0.120,1.83,0.100000,0.100000,0.000000,0.700000,0.000000
41.6394,1,58.0597,0.0,819,15.239,0.120,1.83,0.100000,0.100000,0.000000,0.700000,0.000000
41.6396,1,28.5576,0.0,824,15.239,0.120,1.83,0.100000,0.100000,0.000000,0.700000,0.000000
41.6397,1,3.5991,0.0,840,15.239,0.120,1.83,0.100000,0.100000,0.000000,0.700000,0.000000
41.6399,1,-2.0355,0.0,840,15.239,0.120,1.83,0.100000,0.100000,0.000000,0.700000,0.000000
41.6401,1,16.8403,0.0,857,15.239,0.120,1.83,0.100000,0.100000,0.000000,0.700000,0.000000
41.6402,1,36.8499,0.0,861,15.239,0.120,1.83,0.100000,0.100000,0.000000,0.700000,0.000000
41.6403,1,53.1705,0.0,845,15.239,0.120,1.83,0.100000,0.100000,0.000000,0.700000,0.000000
41.7957,1,60.6055,0.0,845,15.239,0.120,1.83,0.100000,0.100000,0.000000,0.700000,0.000000
41.7964,1,71.8953,0.0,836,15.239,0.120,1.83,0.100000,0.100000,0.000000,0.700000,0.000000
41.7970,1,71.1151,0.0,827,15.239,0.120,1.83,0.100000,0.100000,0.000000,0.700000,0.000000
41.7978,1,45.2158,0.0,817,15.239,0.120,1.83,0.100000,0.100000,0.000000,0.700000,0.000000
42.5476,1,9.8065,0.0,827,15.239,0.120,1.83,0.100000,0.100000,0.000000,0.700000,0.000000
42.5483,1,-5.6290,0.0,827,15.239,0.120,1.83,0.100000,0.100000,0.000000,0.700000,0.000000
42.5492,1,4.8209,0.0,851,15.239,0.120,1.83,0.100000,0.100000,0.000000,0.700000,0.000000
42.5498,1,18.7665,0.0,855,15.239,0.120,1.83,0.100000,0.100000,0.000000,0.700000,0.000000
42.5501,1,35.8007,0.0,845,15.239,0.120,1.83,0.100000,0.100000,0.000000,0.700000,0.000000
42.5508,1,50.4418,0.0,845,15.239,0.120,1.83,0.100000,0.100000,0.000000,0.700000,0.000000
42.5511,1,50.4101,0.0,835,15.239,0.120,1.83,0.100000,0.100000,0.000000,0.700000,0.000000
42.5512,1,40.5480,0.0,827,15.239,0.120,1.83,0.100000,0.100000,0.000000,0.700000,0.000000
42.5516,1,27.3674,0.0,827,15.239,0.120,1.83,0.100000,0.100000,0.000000,0.700000,0.000000
42.5517,1,22.8625,0.0,827,15.239,0.120,1.83,0.100000,0.100000,0.000000,0.700000,0.000000
42.5519,1,22.9804,0.0,835,15.239,0.120,1.83,0.100000,0.100000,0.000000,0.700000,0.000000
42.5521,1,20.4478,0.0,836,15.239,0.120,1.83,0.100000,0.100000,0.000000,0.700000,0.000000
42.5522,1,14.4888,0.0,839,15.239,0.120,1.83,0.100000,0.100000,0.000000,0.700000,0.000000
42.5523,1,5.5145,0.0,839,15.239,0.120,1.83,0.100000,0.100000,0.000000,0.700000,0.000000
42.5525,1,-5.5488,0.0,841,15.239,0.120,1.83,0.100000,0.100000,0.000000,0.700000,0.000000
42.5526,1,-11.1973,0.0,848,15.239,0.120,1.83,0.100000,0.100000,0.000000,0.700000,0.000000
42.5527,1,-17.6523,0.0,851,15.239,0.120,1.83,0.100000,0.100000,0.000000,0.700000,0.000000
42.5950,1,-33.4819,0.0,851,15.239,0.120,1.83,0.100000,0.100000,0.000000,0.700000,0.000000
42.8904,1,-46.3040,0.0,858,15.239,0.120,1.83,0.100000,0.100000,0.000000,0.700000,0.000000
42.8912,1,-55.6827,0.0,867,15.239,0.120,1.83,0.100000,0.100000,0.000000,0.700000,0.000000
42.8921,1,-64.9580,0.0,874,15.239,0.120,1.83,0.100000,0.100000,0.000000,0.700000,0.000000
42.8928,1,-69.7647,0.0,885,15.239,0.120,1.83,0.100000,0.100000,0.000000,0.700000,0.000000
42.8933,1,-79.2957,0.0,885,15.239,0.120,1.83,0.100000,0.100000,0.000000,0.700000,0.000000
42.9964,1,-92.1897,0.0,892,15.239,0.120,1.83,0.100000,0.100000,0.000000,0.700000,0.000000
42.9969,1,-98.7155,0.0,899,15.239,0.120,1.83,0.100000,0.100000,0.000000,0.700000,0.000000
43.1092,1,-113.1030,0.0,910,15.239,0.120,1.83,0.100000,0.100000,0.000000,0.700000,0.000000
43.1897,1,-117.1997,0.0,910,15.239,0.120,1.83,0.100000,0.100000,0.000000,0.700000,0.000000
43.1904,1,-121.7689,0.0,919,15.239,0.120,1.83,0.100000,0.100000,0.000000,0.700000,0.000000
43.3351,1,-121.8155,0.0,925,15.239,0.120,1.83,0.100000,0.100000,0.000000,0.700000,0.000000
43.4597,1,-124.7709,0.0,929,15.239,0.120,1.83,0.100000,0.100000,0.000000,0.700000,0.000000
43.4604,1,-127.5130,0.0,929,15.239,0.120,1.83,0.100000,0.100000,0.000000,0.700000,0.000000
43.4610,1,-113.7844,0.0,934,15.239,0.120,1.83,0.100000,0.100000,0.000000,0.700000,0.000000
43.5643,1,-101.3819,0.0,938,15.239,0.120,1.83,0.100000,0.100000,0.000000,0.700000,0.000000
43.5650,1,-85.8363,0.0,934,15.239,0.120,1.83,0.100000,0.100000,0.000000,0.700000,0.000000
43.6932,1,-79.5010,0.0,934,15.239,0.120,1.83,0.100000,0.100000,0.000000,0.700000,0.000000
43.8040,1,-69.7480,0.0,924,15.239,0.120,1.83,0.100000,0.100000,0.000000,0.700000,0.000000
43.8046,1,-54.3517,0.0,923,15.239,0.120,1.83,0.100000,0.100000,0.000000,0.700000,0.000000
43.8051,1,-36.5477,0.0,913,15.239,0.120,1.83,0.100000,0.100000,0.000000,0.700000,0.000000
43.9281,1,-19.1353,0.0,913,15.239,0.120,1.83,0.100000,0.100000,0.000000,0.700000,0.000000
43.9289,1,3.6636,0.0,903,15.239,0.120,1.83,0.100000,0.100000,0.000000,0.700000,0.000000
43.9847,1,21.7031,0.0,895,15.239,0.120,1.83,0.100000,0.100000,0.000000,0.700000,0.000000
44.2735,1,36.0384,0.0,880,15.239,0.120,1.83,0.100000,0.100000,0.000000,0.700000,0.000000
44.2740,1,57.1321,0.0,867,15.239,0.120,1.83,0.100000,0.100000,0.000000,0.700000,0.000000
44.2745,1,74.4251,0.0,867,15.239,0.120,1.83,0.100000,0.100000,0.000000,0.700000,0.000000
44.2753,1,93.4954,0.0,851,15.239,0.120,1.83,0.100000,0.100000,0.000000,0.700000,0.000000
44.2755,1,111.3918,0.0,842,15.239,0.120,1.83,0.100000,0.100000,0.000000,0.700000,0.000000
44.2757,1,103.2728,0.0,822,15.239,0.120,1.83,0.100000,0.100000,0.000000,0.700000,0.000000
44.3012,1,87.9344,0.0,822,15.239,0.120,1.83,0.100000,0.100000,0.000000,0.700000,0.000000
44.3397,1,68.2806,0.0,822,15.239,0.120,1.83,0.100000,0.100000,0.000000,0.700000,0.000000
44.6211,1,51.5271,0.0,829,15.239,0.120,1.83,0.100000,0.100000,0.000000,0.700000,0.000000
44.6222,1,49.8513,0.0,845,15.239,0.120,1.83,0.100000,0.100000,0.000000,0.700000,0.000000
44.6226,1,71.3386,0.0,845,15.239,0.120,1.83,0.100000,0.100000,0.000000,0.700000,0.000000
44.6231,1,90.7795,0.0,846,15.239,0.120,1.83,0.100000,0.100000,0.000000,0.700000,0.000000
44.6749,1,83.8889,0.0,830,15.239,0.120,1.83,0.100000,0.100000,0.000000,0.700000,0.000000
44.8030,1,23.3630,0.0,815,15.239,0.120,1.83,0.100000,0.100000,0.000000,0.700000,0.000000
44.9640,1,12.5841,0.0,844,15.239,0.120,1.83,0.100000,0.100000,0.000000,0.700000,0.000000
44.9649,1,74.8730,0.0,862,15.239,0.120,1.83,0.100000,0.100000,0.000000,0.700000,0.000000
45.1933,1,50.8291,0.0,823,15.239,0.120,1.83,0.100000,0.100000,0.000000,0.700000,0.000000
45.1939,1,-34.0927,0.0,810,15.239,0.120,1.83,0.100000,0.100000,0.000000,0.700000,0.000000
45.1947,1,-59.9967,0.0,847,15.239,0.120,1.83,0.100000,0.100000,0.000000,0.700000,0.000000
45.1952,1,-12.5633,0.0,887,15.239,0.120,1.83,0.100000,0.100000,0.000000,0.700000,0.000000
45.7169,1,20.2558,0.0,871,15.239,0.120,1.83,0.100000,0.100000,0.000000,0.700000,0.000000
45.7184,1,33.3237,0.0,855,15.239,0.120,1.83,0.100000,0.100000,0.000000,0.700000,0.000000
45.7190,1,37.1712,0.0,842,15.239,0.120,1.83,0.100000,0.100000,0.000000,0.700000,0.000000
45.7195,1,31.0545,0.0,835,15.239,0.120,1.83,0.100000,0.100000,0.000000,0.700000,0.000000
45.7199,1,1.2708,0.0,837,15.239,0.120,1.83,0.100000,0.100000,0.000000,0.700000,0.000000
45.7211,1,-31.6257,0.0,848,15.239,0.120,1.83,0.100000,0.100000,0.000000,0.700000,0.000000
45.7217,1,-76.8245,0.0,866,15.239,0.120,1.83,0.100000,0.100000,0.000000,0.700000,0.000000
45.7219,1,-101.5135,0.0,892,15.239,0.120,1.83,0.100000,0.100000,0.000000,0.700000,0.000000
45.9581,1,-75.0462,0.0,916,15.239,0.120,1.83,0.100000,0.100000,0.000000,0.700000,0.000000
46.1081,1,-26.6593,0.0,913,15.239,0.120,1.83,0.100000,0.100000,0.000000,0.700000,0.000000
46.3580,1,47.4820,0.0,896,15.239,0.120,1.83,0.100000,0.100000,0.000000,0.700000,0.000000
46.3593,1,86.1345,0.0,860,15.239,0.120,1.83,0.100000,0.100000,0.000000,0.700000,0.000000
46.5584,1,31.1503,0.0,827,15.239,0.120,1.83,0.100000,0.100000,0.000000,0.700000,0.000000
46.6276,1,72.5121,0.0,847,15.239,0.120,1.83,0.100000,0.100000,0.000000,0.700000,0.000000
46.7811,1,31.6197,0.0,837,15.239,0.120,1.83,0.100000,0.100000,0.000000,0.700000,0.000000
47.0374,1,-4.1181,0.0,826,15.239,0.120,1.83,0.100000,0.100000,0.000000,0.700000,0.000000
47.1604,1,78.1831,0.0,866,15.239,0.120,1.83,0.100000,0.100000,0.000000,0.700000,0.000000
47.2158,1,-40.3099,0.0,829,15.239,0.120,1.83,0.100000,0.100000,0.000000,0.700000,0.000000
47.3165,1,-16.0155,0.0,854,15.239,0.120,1.83,0.100000,0.100000,0.000000,0.700000,0.000000
47.4848,1,-5.6984,0.0,866,15.239,0.120,1.83,0.100000,0.100000,0.000000,0.700000,0.000000
47.5906,1,-5.8745,0.0,858,15.239,0.120,1.83,0.100000,0.100000,0.000000,0.700000,0.000000
47.6520,1,-9.2370,0.0,854,15.239,0.120,1.83,0.100000,0.100000,0.000000,0.700000,0.000000
47.8440,1,-16.3816,0.0,861,15.239,0.120,1.83,0.100000,0.100000,0.000000,0.700000,0.000000
48.1728,1,-30.7984,0.0,864,15.239,0.120,1.83,0.100000,0.100000,0.000000,0.700000,0.000000
48.1743,1,-52.5306,0.0,871,15.239,0.120,1.83,0.100000,0.100000,0.000000,0.700000,0.000000
48.1750,1,-63.7989,0.0,886,15.239,0.120,1.83,0.100000,0.100000,0.000000,0.700000,0.000000
48.4381,1,-87.1517,0.0,896,15.239,0.120,1.83,0.100000,0.100000,0.000000,0.700000,0.000000
48.4399,1,-89.8198,0.0,910,15.239,0.120,1.83,0.100000,0.100000,0.000000,0.700000,0.000000
48.6716,1,-106.9995,0.0,919,15.239,0.120,1.83,0.100000,0.100000,0.000000,0.700000,0.000000
48.6729,1,-124.6362,0.0,933,15.239,0.120,1.83,0.100000,0.100000,0.000000,0.700000,0.000000
48.8834,1,-138.2281,0.0,951,15.239,0.120,1.83,0.100000,0.100000,0.000000,0.700000,0.000000
48.8842,1,-114.6215,0.0,950,15.239,0.120,1.83,0.100000,0.100000,0.000000,0.700000,0.000000
49.0940,1,-72.3630,0.0,962,15.239,0.120,1.83,0.100000,0.100000,0.000000,0.700000,0.000000
49.2171,1,-55.6453,0.0,951,15.239,0.120,1.83,0.100000,0.100000,0.000000,0.700000,0.000000
49.3003,1,-17.9808,0.0,938,15.239,0.120,1.83,0.100000,0.100000,0.000000,0.700000,0.000000
49.6432,1,8.8272,0.0,932,15.239,0.120,1.83,0.100000,0.100000,0.000000,0.700000,0.000000
49.6439,1,47.3690,0.0,917,15.239,0.120,1.83,0.100000,0.100000,0.000000,0.700000,0.000000
49.6448,1,91.1307,0.0,897,15.239,0.120,1.83,0.100000,0.100000,0.000000,0.700000,0.000000
49.6454,1,132.1554,0.0,870,15.239,0.120,1.83,0.100000,0.100000,0.000000,0.700000,0.000000
49.7960,1,162.6843,0.0,842,15.239,0.120,1.83,0.100000,0.100000,0.000000,0.700000,0.000000
49.9020,1,130.0982,0.0,811,15.239,0.120,1.83,0.100000,0.100000,0.000000,0.700000,0.000000
49.9853,1,98.7924,0.0,816,15.239,0.120,1.83,0.100000,0.100000,0.000000,0.700000,0.000000
50.1918,1,79.2838,0.0,825,15.239,0.120,1.83,0.100000,0.100000,0.000000,0.700000,0.000000
50.1926,1,120.5874,0.0,836,15.239,0.120,1.83,0.100000,0.100000,0.000000,0.700000,0.000000
50.4998,1,93.7159,0.0,813,15.239,0.120,1.83,0.100000,0.100000,0.000000,0.700000,0.000000
50.5011,1,32.5926,0.0,808,15.239,0.120,1.83,0.100000,0.100000,0.000000,0.700000,0.000000
50.6730,1,-2.3901,0.0,828,15.239,0.120,1.83,0.100000,0.100000,0.000000,0.700000,0.000000
50.6740,1,49.2257,0.0,862,15.239,0.120,1.83,0.100000,0.100000,0.000000,0.700000,0.000000
50.6753,1,70.9691,0.0,849,15.239,0.120,1.83,0.100000,0.100000,0.000000,0.700000,0.000000
50.8562,1,17.5164,0.0,825,15.239,0.120,1.83,0.100000,0.100000,0.000000,0.700000,0.000000
50.8569,1,17.1310,0.0,841,15.239,0.120,1.83,0.100000,0.100000,0.000000,0.700000,0.000000
51.0915,1,23.1317,0.0,848,15.239,0.120,1.83,0.100000,0.100000,0.000000,0.700000,0.000000
51.0925,1,13.5135,0.0,844,15.239,0.120,1.83,0.100000,0.100000,0.000000,0.700000,0.000000
51.2153,1,4.3510,0.0,847,15.239,0.120,1.83,0.100000,0.100000,0.000000,0.700000,0.000000
51.2516,1,-10.6774,0.0,851,15.239,0.120,1.83,0.100000,0.100000,0.000000,0.700000,0.000000
51.4380,1,-29.0362,0.0,857,15.239,0.120,1.83,0.100000,0.100000,0.000000,0.700000,0.000000
51.4386,1,-33.7031,0.0,864,15.239,0.120,1.83,0.100000,0.100000,0.000000,0.700000,0.000000
51.5111,1,-33.5142,0.0,874,15.239,0.120,1.83,0.100000,0.100000,0.000000,0.700000,0.000000
51.6024,1,-31.5667,0.0,873,15.239,0.120,1.83,0.100000,0.100000,0.000000,0.700000,0.000000
51.7797,1,-24.5850,0.0,875,15.239,0.120,1.83,0.100000,0.100000,0.000000,0.700000,0.000000
51.7806,1,-15.7821,0.0,876,15.239,0.120,1.83,0.100000,0.100000,0.000000,0.700000,0.000000
51.9163,1,-11.4876,0.0,870,15.239,0.120,1.83,0.100000,0.100000,0.000000,0.700000,0.000000
51.9171,1,-2.0390,0.0,869,15.239,0.120,1.83,0.100000,0.100000,0.000000,0.700000,0.000000
52.1222,1,2.9725,0.0,866,15.239,0.120,1.83,0.100000,0.100000,0.000000,0.700000,0.000000
52.1227,1,13.2332,0.0,861,15.239,0.120,1.83,0.100000,0.100000,0.000000,0.700000,0.000000
52.3039,1,18.3528,0.0,859,15.239,0.120,1.83,0.100000,0.100000,0.000000,0.700000,0.000000
52.4321,1,10.3519,0.0,853,15.239,0.120,1.83,0.100000,0.100000,0.000000,0.700000,0.000000
52.6000,1,11.5827,0.0,852,15.239,0.120,1.83,0.100000,0.100000,0.000000,0.700000,0.000000
52.6006,1,6.8817,0.0,854,15.239,0.120,1.83,0.100000,0.100000,0.000000,0.700000,0.000000
52.6014,1,4.5605,0.0,853,15.239,0.120,1.83,0.100000,0.100000,0.000000,0.700000,0.000000
52.6624,1,2.3145,0.0,857,15.239,0.120,1.83,0.100000,0.100000,0.000000,0.700000,0.000000
52.8130,1,-2.4219,0.0,857,15.239,0.120,1.83,0.100000,0.100000,0.000000,0.700000,0.000000
52.8137,1,-10.7267,0.0,858,15.239,0.120,1.83,0.100000,0.100000,0.000000,0.700000,0.000000
53.0459,1,-6.5669,0.0,862,15.239,0.120,1.83,0.100000,0.100000,0.000000,0.700000,0.000000
53.0465,1,-13.2818,0.0,866,15.239,0.120,1.83,0.100000,0.100000,0.000000,0.700000,0.000000
53.0472,1,-13.9671,0.0,869,15.239,0.120,1.83,0.100000,0.100000,0.000000,0.700000,0.000000
53.0477,1,-12.9483,0.0,870,15.239,0.120,1.83,0.100000,0.100000,0.000000,0.700000,0.000000
53.2727,1,-14.3947,0.0,870,15.239,0.120,1.83,0.100000,0.100000,0.000000,0.700000,0.000000
53.2734,1,-6.9427,0.0,868,15.239,0.120,1.83,0.100000,0.100000,0.000000,0.700000,0.000000
53.4650,1,-4.1052,0.0,869,15.239,0.120,1.83,0.100000,0.100000,0.000000,0.700000,0.000000
53.4666,1,-7.9572,0.0,866,15.239,0.120,1.83,0.100000,0.100000,0.000000,0.700000,0.000000
53.4676,1,1.1179,0.0,869,15.239,0.120,1.83,0.100000,0.100000,0.000000,0.700000,0.000000
53.6332,1,5.1362,0.0,863,15.239,0.120,1.83,0.100000,0.100000,0.000000,0.700000,0.000000
53.6344,1,2.4348,0.0,861,15.239,0.120,1.83,0.100000,0.100000,0.000000,0.700000,0.000000
53.6846,1,7.9142,0.0,862,15.239,0.120,1.83,0.100000,0.100000,0.000000,0.700000,0.000000
53.8574,1,9.6321,0.0,858,15.239,0.120,1.83,0.100000,0.100000,0.000000,0.700000,0.000000
53.8580,1,9.6792,0.0,857,15.239,0.120,1.83,0.100000,0.100000,0.000000,0.700000,0.000000
53.9697,1,11.6883,0.0,860,15.239,0.120,1.83,0.100000,0.100000,0.000000,0.700000,0.000000
54.0904,1,4.7303,0.0,855,15.239,0.120,1.83,0.100000,0.100000,0.000000,0.700000,0.000000
54.0914,1,5.1455,0.0,859,15.239,0.120,1.83,0.100000,0.100000,0.000000,0.700000,0.000000
54.1354,1,2.0306,0.0,858,15.239,0.120,1.83,0.100000,0.100000,0.000000,0.700000,0.000000
54.4453,1,-0.7173,0.0,858,15.239,0.120,1.83,0.100000,0.100000,0.000000,0.700000,0.000000
54.4464,1,0.6430,0.0,859,15.239,0.120,1.83,0.100000,0.100000,0.000000,0.700000,0.000000
54.4473,1,-2.8029,0.0,860,15.239,0.120,1.83,0.100000,0.100000,0.000000,0.700000,0.000000
54.4484,1,-8.8809,0.0,861,15.239,0.120,1.83,0.100000,0.100000,0.000000,0.700000,0.000000
54.5275,1,-6.6602,0.0,863,15.239,0.120,1.83,0.100000,0.100000,0.000000,0.700000,0.000000
54.5283,1,-10.9434,0.0,864,15.239,0.120,1.83,0.100000,0.100000,0.000000,0.700000,0.000000
54.6131,1,-7.5458,0.0,866,15.239,0.120,1.83,0.100000,0.100000,0.000000,0.700000,0.000000
54.7155,1,-18.0290,0.0,868,15.239,0.120,1.83,0.100000,0.100000,0.000000,0.700000,0.000000
54.7162,1,-15.4571,0.0,869,15.239,0.120,1.83,0.100000,0.100000,0.000000,0.700000,0.000000
55.0048,1,-13.8913,0.0,871,15.239,0.120,1.83,0.100000,0.100000,0.000000,0.700000,0.000000
55.0055,1,-29.2911,0.0,870,15.239,0.120,1.83,0.100000,0.100000,0.000000,0.700000,0.000000
55.0063,1,-28.1843,0.0,874,15.239,0.120,1.83,0.100000,0.100000,0.000000,0.700000,0.000000
55.0069,1,-40.7031,0.0,878,15.239,0.120,1.83,0.100000,0.100000,0.000000,0.700000,0.000000
55.0737,1,-37.9177,0.0,882,15.239,0.120,1.83,0.100000,0.100000,0.000000,0.700000,0.000000
55.2821,1,-44.0862,0.0,887,15.239,0.120,1.83,0.100000,0.100000,0.000000,0.700000,0.000000
55.3525,1,-35.4999,0.0,894,15.239,0.120,1.83,0.100000,0.100000,0.000000,0.700000,0.000000
55.5886,1,-32.5826,0.0,889,15.239,0.120,1.83,0.100000,0.100000,0.000000,0.700000,0.000000
55.5894,1,-38.3477,0.0,886,15.239,0.120,1.83,0.100000,0.100000,0.000000,0.700000,0.000000
55.5904,1,-27.7044,0.0,891,15.239,0.120,1.83,0.100000,0.100000,0.000000,0.700000,0.000000
55.5909,1,-21.3479,0.0,891,15.239,0.120,1.83,0.100000,0.100000,0.000000,0.700000,0.000000
55.5913,1,-31.5973,0.0,886,15.239,0.120,1.83,0.100000,0.100000,0.000000,0.700000,0.000000
55.7743,1,-18.4618,0.0,885,15.239,0.120,1.83,0.100000,0.100000,0.000000,0.700000,0.000000
55.7749,1,-3.6979,0.0,884,15.239,0.120,1.83,0.100000,0.100000,0.000000,0.700000,0.000000
55.7758,1,-2.2103,0.0,880,15.239,0.120,1.83,0.100000,0.100000,0.000000,0.700000,0.000000
55.9337,1,-2.0148,0.0,875,15.239,0.120,1.83,0.100000,0.100000,0.000000,0.700000,0.000000
56.0584,1,14.4655,0.0,880,15.239,0.120,1.83,0.100000,0.100000,0.000000,0.700000,0.000000
56.0594,1,8.5453,0.0,874,15.239,0.120,1.83,0.100000,0.100000,0.000000,0.700000,0.000000
56.0600,1,16.4963,0.0,868,15.239,0.120,1.83,0.100000,0.100000,0.000000,0.700000,0.000000
56.2041,1,26.3800,0.0,870,15.239,0.120,1.83,0.100000,0.100000,0.000000,0.700000,0.000000
56.6019,1,29.4770,0.0,862,15.239,0.120,1.83,0.100000,0.100000,0.000000,0.700000,0.000000
56.6024,1,31.8023,0.0,857,15.239,0.120,1.83,0.100000,0.100000,0.000000,0.700000,0.000000
56.6026,1,37.2172,0.0,857,15.239,0.120,1.83,0.100000,0.100000,0.000000,0.700000,0.000000
56.6031,1,34.9610,0.0,854,15.239,0.120,1.83,0.100000,0.100000,0.000000,0.700000,0.000000
56.6036,1,20.4484,0.0,848,15.239,0.120,1.83,0.100000,0.100000,0.000000,0.700000,0.000000
56.6041,1,21.7136,0.0,851,15.239,0.120,1.83,0.100000,0.100000,0.000000,0.700000,0.000000
56.6047,1,19.7834,0.0,858,15.239,0.120,1.83,0.100000,0.100000,0.000000,0.700000,0.000000
56.6048,1,-12.1659,0.0,856,15.239,0.120,1.83,0.100000,0.100000,0.000000,0.700000,0.000000
56.6051,1,-16.9163,0.0,867,15.239,0.120,1.83,0.100000,0.100000,0.000000,0.700000,0.000000
56.8293,1,-34.5192,0.0,875,15.239,0.120,1.83,0.100000,0.100000,0.000000,0.700000,0.000000
56.8301,1,-48.5989,0.0,878,15.239,0.120,1.83,0.100000,0.100000,0.000000,0.700000,0.000000
56.8306,1,-49.9865,0.0,884,15.239,0.120,1.83,0.100000,0.100000,0.000000,0.700000,0.000000
56.8311,1,-57.6902,0.0,898,15.239,0.120,1.83,0.100000,0.100000,0.000000,0.700000,0.000000
57.0923,1,-87.9471,0.0,903,15.239,0.120,1.83,0.100000,0.100000,0.000000,0.700000,0.000000
57.0929,1,-82.6278,0.0,913,15.239,0.120,1.83,0.100000,0.100000,0.000000,0.700000,0.000000
57.0935,1,-85.2355,0.0,922,15.239,0.120,1.83,0.100000,0.100000,0.000000,0.700000,0.000000
57.0940,1,-79.5826,0.0,917,15.239,0.120,1.83,0.100000,0.100000,0.000000,0.700000,0.000000
57.2037,1,-82.5256,0.0,921,15.239,0.120,1.83,0.100000,0.100000,0.000000,0.700000,0.000000
57.2043,1,-71.2842,0.0,927,15.239,0.120,1.83,0.100000,0.100000,0.000000,0.700000,0.000000
57.2826,1,-72.9825,0.0,926,15.239,0.120,1.83,0.100000,0.100000,0.000000,0.700000,0.000000
57.4337,1,-58.6293,0.0,924,15.239,0.120,1.83,0.100000,0.100000,0.000000,0.700000,0.000000
57.4346,1,-46.1123,0.0,924,15.239,0.120,1.83,0.100000,0.100000,0.000000,0.700000,0.000000
57.7981,1,-37.8356,0.0,918,15.239,0.120,1.83,0.100000,0.100000,0.000000,0.700000,0.000000
57.7986,1,-24.3790,0.0,912,15.239,0.120,1.83,0.100000,0.100000,0.000000,0.700000,0.000000
57.7994,1,-12.7482,0.0,912,15.239,0.120,1.83,0.100000,0.100000,0.000000,0.700000,0.000000
57.7998,1,-6.5269,0.0,904,15.239,0.120,1.83,0.100000,0.100000,0.000000,0.700000,0.000000
57.7999,1,6.9313,0.0,903,15.239,0.120,1.83,0.100000,0.100000,0.000000,0.700000,0.000000
57.8001,1,14.9535,0.0,899,15.239,0.120,1.83,0.100000,0.100000,0.000000,0.700000,0.000000
57.8002,1,10.9772,0.0,889,15.239,0.120,1.83,0.100000,0.100000,0.000000,0.700000,0.000000
58.0932,1,15.3867,0.0,884,15.239,0.120,1.83,0.100000,0.100000,0.000000,0.700000,0.000000
58.0940,1,25.1760,0.0,886,15.239,0.120,1.83,0.100000,0.100000,0.000000,0.700000,0.000000
58.0948,1,24.3559,0.0,883,15.239,0.120,1.83,0.100000,0.100000,0.000000,0.700000,0.000000
58.0954,1,38.6857,0.0,881,15.239,0.120,1.83,0.100000,0.100000,0.000000,0.700000,0.000000
58.0961,1,36.0167,0.0,879,15.239,0.120,1.83,0.100000,0.100000,0.000000,0.700000,0.000000
58.0967,1,36.4341,0.0,873,15.239,0.120,1.83,0.100000,0.100000,0.000000,0.700000,0.000000
58.2029,1,44.5740,0.0,871,15.239,0.120,1.83,0.100000,0.100000,0.000000,0.700000,0.000000
58.3561,1,47.8076,0.0,865,15.239,0.120,1.83,0.100000,0.100000,0.000000,0.700000,0.000000
58.3569,1,49.5184,0.0,861,15.239,0.120,1.83,0.100000,0.100000,0.000000,0.700000,0.000000
58.9546,1,59.5982,0.0,863,15.239,0.120,1.83,0.100000,0.100000,0.000000,0.700000,0.000000
58.9552,1,65.5781,0.0,858,15.239,0.120,1.83,0.100000,0.100000,0.000000,0.700000,0.000000
58.9556,1,69.5586,0.0,852,15.239,0.120,1.83,0.100000,0.100000,0.000000,0.700000,0.000000
58.9560,1,68.9875,0.0,847,15.239,0.120,1.83,0.100000,0.100000,0.000000,0.700000,0.000000
58.9564,1,51.5647,0.0,842,15.239,0.120,1.83,0.100000,0.100000,0.000000,0.700000,0.000000
58.9568,1,53.5025,0.0,847,15.239,0.120,1.83,0.100000,0.100000,0.000000,0.700000,0.000000
58.9574,1,51.8281,0.0,848,15.239,0.120,1.83,0.100000,0.100000,0.000000,0.700000,0.000000
58.9579,1,39.1485,0.0,847,15.239,0.120,1.83,0.100000,0.100000,0.000000,0.700000,0.000000
58.9581,1,33.2127,0.0,852,15.239,0.120,1.83,0.100000,0.100000,0.000000,0.700000,0.000000
58.9585,1,16.1587,0.0,852,15.239,0.120,1.83,0.100000,0.100000,0.000000,0.700000,0.000000
59.0054,1,20.7966,0.0,859,15.239,0.120,1.83,0.100000,0.100000,0.000000,0.700000,0.000000
59.1776,1,-2.9828,0.0,857,15.239,0.120,1.83,0.100000,0.100000,0.000000,0.700000,0.000000
59.1786,1,-3.1112,0.0,863,15.239,0.120,1.83,0.100000,0.100000,0.000000,0.700000,0.000000
59.2876,1,-24.3908,0.0,868,15.239,0.120,1.83,0.100000,0.100000,0.000000,0.700000,0.000000
59.3991,1,-23.8748,0.0,875,15.239,0.120,1.83,0.100000,0.100000,0.000000,0.700000,0.000000
59.4003,1,-27.8557,0.0,884,15.239,0.120,1.83,0.100000,0.100000,0.000000,0.700000,0.000000
59.5343,1,-34.7790,0.0,884,15.239,0.120,1.83,0.100000,0.100000,0.000000,0.700000,0.000000
59.5351,1,-28.9571,0.0,889,15.239,0.120,1.83,0.100000,0.100000,0.000000,0.700000,0.000000
59.7443,1,-31.6856,0.0,888,15.239,0.120,1.83,0.100000,0.100000,0.000000,0.700000,0.000000
59.9470,1,-18.8124,0.0,892,15.239,0.120,1.83,0.100000,0.100000,0.000000,0.700000,0.000000
59.9479,1,-33.1510,0.0,889,15.239,0.120,1.83,0.100000,0.100000,0.000000,0.700000,0.000000
59.9488,1,-19.1992,0.0,893,15.239,0.120,1.83,0.100000,0.100000,0.000000,0.700000,0.000000
59.9496,1,-27.6287,0.0,891,15.239,0.120,1.83,0.100000,0.100000,0.000000,0.700000,0.000000
60.1133,1,-13.3460,0.0,889,15.239,0.120,1.83,0.100000,0.100000,0.000000,0.700000,0.000000
60.1141,1,-10.2931,0.0,891,15.239,0.120,1.83,0.100000,0.100000,0.000000,0.700000,0.000000
60.1865,1,-6.4307,0.0,885,15.239,0.120,1.83,0.100000,0.100000,0.000000,0.700000,0.000000
60.2706,1,-17.9985,0.0,885,15.239,0.120,1.83,0.100000,0.100000,0.000000,0.700000,0.000000
60.5142,1,-6.4601,0.0,882,15.239,0.120,1.83,0.100000,0.100000,0.000000,0.700000,0.000000
60.5150,1,11.3480,0.0,890,15.239,0.120,1.83,0.100000,0.100000,0.000000,0.700000,0.000000
60.5160,1,11.8804,0.0,879,15.239,0.120,1.83,0.100000,0.100000,0.000000,0.700000,0.000000
60.6823,1,18.9575,0.0,873,15.239,0.120,1.83,0.100000,0.100000,0.000000,0.700000,0.000000
60.6832,1,13.2296,0.0,871,15.239,0.120,1.83,0.100000,0.100000,0.000000,0.700000,0.000000
60.8077,1,18.6846,0.0,874,15.239,0.120,1.83,0.100000,0.100000,0.000000,0.700000,0.000000
60.8083,1,8.4746,0.0,873,15.239,0.120,1.83,0.100000,0.100000,0.000000,0.700000,0.000000
61.0253,1,23.6390,0.0,872,15.239,0.120,1.83,0.100000,0.100000,0.000000,0.700000,0.000000
61.0263,1,22.3401,0.0,869,15.239,0.120,1.83,0.100000,0.100000,0.000000,0.700000,0.000000
61.0826,1,44.7689,0.0,867,15.239,0.120,1.83,0.100000,0.100000,0.000000,0.700000,0.000000
61.3341,1,67.6366,0.0,860,15.239,0.120,1.83,0.100000,0.100000,0.000000,0.700000,0.000000
61.3345,1,84.9037,0.0,841,15.239,0.120,1.83,0.100000,0.100000,0.000000,0.700000,0.000000
61.3350,1,72.8559,0.0,833,15.239,0.120,1.83,0.100000,0.100000,0.000000,0.700000,0.000000
61.4857,1,22.7997,0.0,824,15.239,0.120,1.83,0.100000,0.100000,0.000000,0.700000,0.000000
61.4864,1,32.1148,0.0,840,15.239,0.120,1.83,0.100000,0.100000,0.000000,0.700000,0.000000
61.7295,1,45.9612,0.0,853,15.239,0.120,1.83,0.100000,0.100000,0.000000,0.700000,0.000000
61.7301,1,62.8380,0.0,845,15.239,0.120,1.83,0.100000,0.100000,0.000000,0.700000,0.000000
61.7309,1,83.1334,0.0,833,15.239,0.120,1.83,0.100000,0.100000,0.000000,0.700000,0.000000
61.7312,1,51.5324,0.0,829,15.239,0.120,1.83,0.100000,0.100000,0.000000,0.700000,0.000000
61.7318,1,10.5349,0.0,826,15.239,0.120,1.83,0.100000,0.100000,0.000000,0.700000,0.000000
61.7632,1,11.6740,0.0,842,15.239,0.120,1.83,0.100000,0.100000,0.000000,0.700000,0.000000
62.1600,1,35.2961,0.0,856,15.239,0.120,1.83,0.100000,0.100000,0.000000,0.700000,0.000000
62.1604,1,54.6636,0.0,847,15.239,0.120,1.83,0.100000,0.100000,0.000000,0.700000,0.000000
62.1610,1,58.5116,0.0,837,15.239,0.120,1.83,0.100000,0.100000,0.000000,0.700000,0.000000
62.1617,1,17.4993,0.0,825,15.239,0.120,1.83,0.100000,0.100000,0.000000,0.700000,0.000000
62.1619,1,-12.1460,0.0,823,15.239,0.120,1.83,0.100000,0.100000,0.000000,0.700000,0.000000
62.1621,1,20.6039,0.0,859,15.239,0.120,1.83,0.100000,0.100000,0.000000,0.700000,0.000000
62.4646,1,53.5774,0.0,847,15.239,0.120,1.83,0.100000,0.100000,0.000000,0.700000,0.000000
62.4656,1,71.4616,0.0,831,15.239,0.120,1.83,0.100000,0.100000,0.000000,0.700000,0.000000
62.4664,1,43.4653,0.0,814,15.239,0.120,1.83,0.100000,0.100000,0.000000,0.700000,0.000000
62.4672,1,8.3593,0.0,812,15.239,0.120,1.83,0.100000,0.100000,0.000000,0.700000,0.000000
62.4680,1,-32.4601,0.0,826,15.239,0.120,1.83,0.100000,0.100000,0.000000,0.700000,0.000000
62.4686,1,-50.4375,0.0,854,15.239,0.120,1.83,0.100000,0.100000,0.000000,0.700000,0.000000
62.4688,1,-41.5109,0.0,854,15.239,0.120,1.83,0.100000,0.100000,0.000000,0.700000,0.000000
62.7575,1,-5.5214,0.0,870,15.239,0.120,1.83,0.100000,0.100000,0.000000,0.700000,0.000000
62.7581,1,35.5499,0.0,867,15.239,0.120,1.83,0.100000,0.100000,0.000000,0.700000,0.000000
62.7586,1,67.0823,0.0,839,15.239,0.120,1.83,0.100000,0.100000,0.000000,0.700000,0.000000
62.7593,1,85.1193,0.0,839,15.239,0.120,1.83,0.100000,0.100000,0.000000,0.700000,0.000000
62.7599,1,72.4615,0.0,814,15.239,0.120,1.83,0.100000,0.100000,0.000000,0.700000,0.000000
62.8235,1,45.5393,0.0,803,15.239,0.120,1.83,0.100000,0.100000,0.000000,0.700000,0.000000
62.9739,1,7.5623,0.0,813,15.239,0.120,1.83,0.100000,0.100000,0.000000,0.700000,0.000000
62.9747,1,-40.3380,0.0,834,15.239,0.120,1.83,0.100000,0.100000,0.000000,0.700000,0.000000
63.1038,1,-48.6240,0.0,834,15.239,0.120,1.83,0.100000,0.100000,0.000000,0.700000,0.000000
63.1701,1,-32.3345,0.0,865,15.239,0.120,1.83,0.100000,0.100000,0.000000,0.700000,0.000000
63.4505,1,9.7109,0.0,868,15.239,0.120,1.83,0.100000,0.100000,0.000000,0.700000,0.000000
63.4511,1,60.4785,0.0,846,15.239,0.120,1.83,0.100000,0.100000,0.000000,0.700000,0.000000
63.4516,1,82.8016,0.0,846,15.239,0.120,1.83,0.100000,0.100000,0.000000,0.700000,0.000000
63.4521,1,79.6598,0.0,811,15.239,0.120,1.83,0.100000,0.100000,0.000000,0.700000,0.000000
63.4526,1,50.6595,0.0,800,15.239,0.120,1.83,0.100000,0.100000,0.000000,0.700000,0.000000
63.9210,1,4.6968,0.0,809,15.239,0.120,1.83,0.100000,0.100000,0.000000,0.700000,0.000000
63.9219,1,-33.9514,0.0,809,15.239,0.120,1.83,0.100000,0.100000,0.000000,0.700000,0.000000
63.9222,1,-50.1510,0.0,834,15.239,0.120,1.83,0.100000,0.100000,0.000000,0.700000,0.000000
63.9229,1,-32.6393,0.0,861,15.239,0.120,1.83,0.100000,0.100000,0.000000,0.700000,0.000000
63.9234,1,15.4739,0.0,864,15.239,0.120,1.83,0.100000,0.100000,0.000000,0.700000,0.000000
63.9240,1,76.1471,0.0,864,15.239,0.120,1.83,0.100000,0.100000,0.000000,0.700000,0.000000
63.9241,1,97.8028,0.0,838,15.239,0.120,1.83,0.100000,0.100000,0.000000,0.700000,0.000000
63.9242,1,86.0575,0.0,800,15.239,0.120,1.83,0.100000,0.100000,0.000000,0.700000,0.000000
63.9243,1,47.4323,0.0,800,15.239,0.120,1.83,0.100000,0.100000,0.000000,0.700000,0.000000
63.9245,1,-7.0822,0.0,800,15.239,0.120,1.83,0.100000,0.100000,0.000000,0.700000,0.000000
63.9246,1,-56.2810,0.0,807,15.239,0.120,1.83,0.100000,0.100000,0.000000,0.700000,0.000000
63.9247,1,-96.0176,0.0,841,15.239,0.120,1.83,0.100000,0.100000,0.000000,0.700000,0.000000
64.0596,1,-121.6127,0.0,879,15.239,0.120,1.83,0.100000,0.100000,0.000000,0.700000,0.000000
64.1352,1,-116.5975,0.0,902,15.239,0.120,1.83,0.100000,0.100000,0.000000,0.700000,0.000000
64.1359,1,-90.3090,0.0,902,15.239,0.120,1.83,0.100000,0.100000,0.000000,0.700000,0.000000
64.4858,1,-44.4248,0.0,903,15.239,0.120,1.83,0.100000,0.100000,0.000000,0.700000,0.000000
64.4868,1,-22.4408,0.0,878,15.239,0.120,1.83,0.100000,0.100000,0.000000,0.700000,0.000000
64.4880,1,-10.1440,0.0,861,15.239,0.120,1.83,0.100000,0.100000,0.000000,0.700000,0.000000
64.4886,1,-8.5751,0.0,854,15.239,0.120,1.83,0.100000,0.100000,0.000000,0.700000,0.000000
64.4889,1,-25.1816,0.0,858,15.239,0.120,1.83,0.100000,0.100000,0.000000,0.700000,0.000000
64.4891,1,-34.5516,0.0,863,15.239,0.120,1.83,0.100000,0.100000,0.000000,0.700000,0.000000
64.5517,1,-43.0926,0.0,865,15.239,0.120,1.83,0.100000,0.100000,0.000000,0.700000,0.000000
64.8332,1,-54.8384,0.0,871,15.239,0.120,1.83,0.100000,0.100000,0.000000,0.700000,0.000000
64.8338,1,-57.9704,0.0,880,15.239,0.120,1.83,0.100000,0.100000,0.000000,0.700000,0.000000
64.8345,1,-57.4302,0.0,888,15.239,0.120,1.83,0.100000,0.100000,0.000000,0.700000,0.000000
64.8996,1,-39.7592,0.0,892,15.239,0.120,1.83,0.100000,0.100000,0.000000,0.700000,0.000000
64.9005,1,-30.0656,0.0,889,15.239,0.120,1.83,0.100000,0.100000,0.000000,0.700000,0.000000
65.0611,1,-5.1181,0.0,884,15.239,0.120,1.83,0.100000,0.100000,0.000000,0.700000,0.000000
65.2152,1,11.1219,0.0,874,15.239,0.120,1.83,0.100000,0.100000,0.000000,0.700000,0.000000
65.2162,1,30.3301,0.0,864,15.239,0.120,1.83,0.100000,0.100000,0.000000,0.700000,0.000000
65.4185,1,37.8027,0.0,849,15.239,0.120,1.83,0.100000,0.100000,0.000000,0.700000,0.000000
65.4200,1,47.5638,0.0,844,15.239,0.120,1.83,0.100000,0.100000,0.000000,0.700000,0.000000
65.5279,1,47.7441,0.0,839,15.239,0.120,1.83,0.100000,0.100000,0.000000,0.700000,0.000000
65.5288,1,37.7365,0.0,834,15.239,0.120,1.83,0.100000,0.100000,0.000000,0.700000,0.000000
65.7515,1,27.6254,0.0,836,15.239,0.120,1.83,0.100000,0.100000,0.000000,0.700000,0.000000
65.7521,1,22.7381,0.0,840,15.239,0.120,1.83,0.100000,0.100000,0.000000,0.700000,0.000000
65.8657,1,9.1833,0.0,844,15.239,0.120,1.83,0.100000,0.100000,0.000000,0.700000,0.000000
66.0135,1,4.1254,0.0,849,15.239,0.120,1.83,0.100000,0.100000,0.000000,0.700000,0.000000
66.0147,1,-5.4770,0.0,853,15.239,0.120,1.83,0.100000,0.100000,0.000000,0.700000,0.000000
66.0159,1,-9.1645,0.0,855,15.239,0.120,1.83,0.100000,0.100000,0.000000,0.700000,0.000000
66.3481,1,-10.1346,0.0,859,15.239,0.120,1.83,0.100000,0.100000,0.000000,0.700000,0.000000
66.3493,1,-22.3385,0.0,860,15.239,0.120,1.83,0.100000,0.100000,0.000000,0.700000,0.000000
66.3499,1,-22.9756,0.0,868,15.239,0.120,1.83,0.100000,0.100000,0.000000,0.700000,0.000000
66.3511,1,-23.9680,0.0,868,15.239,0.120,1.83,0.100000,0.100000,0.000000,0.700000,0.000000
66.4350,1,-28.5236,0.0,870,15.239,0.120,1.83,0.100000,0.100000,0.000000,0.700000,0.000000
66.4360,1,-32.3320,0.0,874,15.239,0.120,1.83,0.100000,0.100000,0.000000,0.700000,0.000000
66.5257,1,-36.5316,0.0,875,15.239,0.120,1.83,0.100000,0.100000,0.000000,0.700000,0.000000
66.5504,1,-31.6105,0.0,878,15.239,0.120,1.83,0.100000,0.100000,0.000000,0.700000,0.000000
66.6105,1,-34.3096,0.0,878,15.239,0.120,1.83,0.100000,0.100000,0.000000,0.700000,0.000000
66.8344,1,-30.7497,0.0,880,15.239,0.120,1.83,0.100000,0.100000,0.000000,0.700000,0.000000
66.9153,1,-32.0733,0.0,880,15.239,0.120,1.83,0.100000,0.100000,0.000000,0.700000,0.000000
66.9160,1,-39.3446,0.0,878,15.239,0.120,1.83,0.100000,0.100000,0.000000,0.700000,0.000000
67.0273,1,-31.6134,0.0,886,15.239,0.120,1.83,0.100000,0.100000,0.000000,0.700000,0.000000
67.0285,1,-27.2811,0.0,885,15.239,0.120,1.83,0.100000,0.100000,0.000000,0.700000,0.000000
67.2297,1,-28.6428,0.0,882,15.239,0.120,1.83,0.100000,0.100000,0.000000,0.700000,0.000000
67.2305,1,-18.8230,0.0,879,15.239,0.120,1.83,0.100000,0.100000,0.000000,0.700000,0.000000
67.2314,1,-12.3459,0.0,884,15.239,0.120,1.83,0.100000,0.100000,0.000000,0.700000,0.000000
67.3741,1,-17.6773,0.0,878,15.239,0.120,1.83,0.100000,0.100000,0.000000,0.700000,0.000000
67.3746,1,-21.0458,0.0,878,15.239,0.120,1.83,0.100000,0.100000,0.000000,0.700000,0.000000
67.6854,1,-9.9988,0.0,884,15.239,0.120,1.83,0.100000,0.100000,0.000000,0.700000,0.000000
67.6863,1,-2.2740,0.0,880,15.239,0.120,1.83,0.100000,0.100000,0.000000,0.700000,0.000000
67.6870,1,-8.4017,0.0,874,15.239,0.120,1.83,0.100000,0.100000,0.000000,0.700000,0.000000
67.6875,1,-6.0049,0.0,879,15.239,0.120,1.83,0.100000,0.100000,0.000000,0.700000,0.000000
67.6878,1,3.2765,0.0,874,15.239,0.120,1.83,0.100000,0.100000,0.000000,0.700000,0.000000
67.6879,1,-5.6642,0.0,872,15.239,0.120,1.83,0.100000,0.100000,0.000000,0.700000,0.000000
67.6880,1,-3.1605,0.0,871,15.239,0.120,1.83,0.100000,0.100000,0.000000,0.700000,0.000000
68.0241,1,1.6235,0.0,873,15.239,0.120,1.83,0.100000,0.100000,0.000000,0.700000,0.000000
68.0247,1,8.1825,0.0,872,15.239,0.120,1.83,0.100000,0.100000,0.000000,0.700000,0.000000
68.0256,1,-4.8124,0.0,870,15.239,0.120,1.83,0.100000,0.100000,0.000000,0.700000,0.000000
68.0262,1,-5.6010,0.0,871,15.239,0.120,1.83,0.100000,0.100000,0.000000,0.700000,0.000000
68.0267,1,-18.9381,0.0,874,15.239,0.120,1.83,0.100000,0.100000,0.000000,0.700000,0.000000
68.0268,1,-30.3464,0.0,880,15.239,0.120,1.83,0.100000,0.100000,0.000000,0.700000,0.000000
68.1819,1,-34.2573,0.0,889,15.239,0.120,1.83,0.100000,0.100000,0.000000,0.700000,0.000000
68.5200,1,-33.2798,0.0,890,15.239,0.120,1.83,0.100000,0.100000,0.000000,0.700000,0.000000
68.5204,1,-35.5455,0.0,889,15.239,0.120,1.83,0.100000,0.100000,0.000000,0.700000,0.000000
68.5217,1,-35.6673,0.0,895,15.239,0.120,1.83,0.100000,0.100000,0.000000,0.700000,0.000000
68.5224,1,-42.6792,0.0,897,15.239,0.120,1.83,0.100000,0.100000,0.000000,0.700000,0.000000
68.5228,1,-38.1873,0.0,896,15.239,0.120,1.83,0.100000,0.100000,0.000000,0.700000,0.000000
68.5229,1,-28.2394,0.0,901,15.239,0.120,1.83,0.100000,0.100000,0.000000,0.700000,0.000000
68.5230,1,-20.8095,0.0,896,15.239,0.120,1.83,0.100000,0.100000,0.000000,0.700000,0.000000
68.6878,1,-26.7169,0.0,893,15.239,0.120,1.83,0.100000,0.100000,0.000000,0.700000,0.000000
68.6887,1,-15.8573,0.0,897,15.239,0.120,1.83,0.100000,0.100000,0.000000,0.700000,0.000000
68.6899,1,-21.4373,0.0,894,15.239,0.120,1.83,0.100000,0.100000,0.000000,0.700000,0.000000
68.9556,1,-8.1309,0.0,892,15.239,0.120,1.83,0.100000,0.100000,0.000000,0.700000,0.000000
68.9570,1,-0.5755,0.0,895,15.239,0.120,1.83,0.100000,0.100000,0.000000,0.700000,0.000000
68.9579,1,4.3926,0.0,885,15.239,0.120,1.83,0.100000,0.100000,0.000000,0.700000,0.000000
68.9585,1,15.0380,0.0,880,15.239,0.120,1.83,0.100000,0.100000,0.000000,0.700000,0.000000
69.0538,1,19.2154,0.0,877,15.239,0.120,1.83,0.100000,0.100000,0.000000,0.700000,0.000000
69.1700,1,11.6417,0.0,874,15.239,0.120,1.83,0.100000,0.100000,0.000000,0.700000,0.000000
69.2952,1,22.7116,0.0,871,15.239,0.120,1.83,0.100000,0.100000,0.000000,0.700000,0.000000
69.2960,1,32.0261,0.0,876,15.239,0.120,1.83,0.100000,0.100000,0.000000,0.700000,0.000000
69.5620,1,22.7355,0.0,870,15.239,0.120,1.83,0.100000,0.100000,0.000000,0.700000,0.000000
69.5631,1,27.1617,0.0,867,15.239,0.120,1.83,0.100000,0.100000,0.000000,0.700000,0.000000
69.5639,1,21.5785,0.0,866,15.239,0.120,1.83,0.100000,0.100000,0.000000,0.700000,0.000000
69.5644,1,13.7719,0.0,867,15.239,0.120,1.83,0.100000,0.100000,0.000000,0.700000,0.000000
69.5646,1,19.5756,0.0,874,15.239,0.120,1.83,0.100000,0.100000,0.000000,0.700000,0.000000
69.8020,1,20.4248,0.0,871,15.239,0.120,1.83,0.100000,0.100000,0.000000,0.700000,0.000000
69.8028,1,10.4511,0.0,866,15.239,0.120,1.83,0.100000,0.100000,0.000000,0.700000,0.000000
69.8040,1,11.7663,0.0,867,15.239,0.120,1.83,0.100000,0.100000,0.000000,0.700000,0.000000
69.8047,1,-13.3895,0.0,871,15.239,0.120,1.83,0.100000,0.100000,0.000000,0.700000,0.000000
69.8054,1,-17.7857,0.0,870,15.239,0.120,1.83,0.100000,0.100000,0.000000,0.700000,0.000000
70.0211,1,-32.0179,0.0,886,15.239,0.120,1.83,0.100000,0.100000,0.000000,0.700000,0.000000
70.0216,1,-46.1886,0.0,885,15.239,0.120,1.83,0.100000,0.100000,0.000000,0.700000,0.000000
70.0222,1,-48.4413,0.0,898,15.239,0.120,1.83,0.100000,0.100000,0.000000,0.700000,0.000000
70.0227,1,-76.5648,0.0,902,15.239,0.120,1.83,0.100000,0.100000,0.000000,0.700000,0.000000
70.1393,1,-90.9582,0.0,905,15.239,0.120,1.83,0.100000,0.100000,0.000000,0.700000,0.000000
70.1403,1,-84.9201,0.0,930,15.239,0.120,1.83,0.100000,0.100000,0.000000,0.700000,0.000000
70.2665,1,-96.6131,0.0,932,15.239,0.120,1.83,0.100000,0.100000,0.000000,0.700000,0.000000
70.5531,1,-100.5927,0.0,938,15.239,0.120,1.83,0.100000,0.100000,0.000000,0.700000,0.000000
70.5538,1,-97.7206,0.0,946,15.239,0.120,1.83,0.100000,0.100000,0.000000,0.700000,0.000000
70.5554,1,-123.8396,0.0,946,15.239,0.120,1.83,0.100000,0.100000,0.000000,0.700000,0.000000
70.5557,1,-135.1005,0.0,949,15.239,0.120,1.83,0.100000,0.100000,0.000000,0.700000,0.000000
70.5559,1,-152.0978,0.0,965,15.239,0.120,1.83,0.100000,0.100000,0.000000,0.700000,0.000000
70.5560,1,-156.9258,0.0,987,15.239,0.120,1.83,0.100000,0.100000,0.000000,0.700000,0.000000
70.7271,1,-145.0987,0.0,991,15.239,0.120,1.83,0.100000,0.100000,0.000000,0.700000,0.000000
70.7282,1,-159.8117,0.0,994,15.239,0.120,1.83,0.100000,0.100000,0.000000,0.700000,0.000000
70.8368,1,-163.8738,0.0,998,15.239,0.120,1.83,0.100000,0.100000,0.000000,0.700000,0.000000
70.9178,1,-164.9383,0.0,1009,15.239,0.120,1.83,0.100000,0.100000,0.000000,0.700000,0.000000
70.9185,1,-168.9855,0.0,1015,15.239,0.120,1.83,0.100000,0.100000,0.000000,0.700000,0.000000
71.1952,1,-177.1166,0.0,1018,15.239,0.120,1.83,0.100000,0.100000,0.000000,0.700000,0.000000
71.1958,1,-195.5547,0.0,1033,15.239,0.120,1.83,0.100000,0.100000,0.000000,0.700000,0.000000
71.1963,1,-216.4635,0.0,1045,15.239,0.120,1.83,0.100000,0.100000,0.000000,0.700000,0.000000
71.1971,1,-238.4266,0.0,1058,15.239,0.120,1.83,0.100000,0.100000,0.000000,0.700000,0.000000
71.1977,1,-263.7507,0.0,1073,15.239,0.120,1.83,0.100000,0.100000,0.000000,0.700000,0.000000
71.4287,1,-298.0534,0.0,1089,15.239,0.120,1.83,0.100000,0.100000,0.000000,0.700000,0.000000
71.4293,1,-314.7474,0.0,1100,15.239,0.120,1.83,0.100000,0.100000,0.000000,0.700000,0.000000
71.4303,1,-323.1665,0.0,1100,15.239,0.120,1.83,0.100000,0.100000,0.000000,0.700000,0.000000
71.4308,1,-312.6307,0.0,1100,15.239,0.120,1.83,0.100000,0.100000,0.000000,0.700000,0.000000
71.5274,1,-293.2727,0.0,1100,15.239,0.120,1.83,0.100000,0.100000,0.000000,0.700000,0.000000
71.7927,1,-263.8212,0.0,1100,15.239,0.120,1.83,0.100000,0.100000,0.000000,0.700000,0.000000
71.7935,1,-217.9325,0.0,1100,15.239,0.120,1.83,0.100000,0.100000,0.000000,0.700000,0.000000
71.7940,1,-172.6202,0.0,1100,15.239,0.120,1.83,0.100000,0.100000,0.000000,0.700000,0.000000
71.7941,1,-126.9149,0.0,1100,15.239,0.120,1.83,0.100000,0.100000,0.000000,0.700000,0.000000
71.7947,1,-80.1452,0.0,1100,15.239,0.120,1.83,0.100000,0.100000,0.000000,0.700000,0.000000
71.7951,1,-30.4780,0.0,1057,15.239,0.120,1.83,0.100000,0.100000,0.000000,0.700000,0.000000
71.9989,1,14.7163,0.0,1035,15.239,0.120,1.83,0.100000,0.100000,0.000000,0.700000,0.000000
71.9999,1,53.8534,0.0,1009,15.239,0.120,1.83,0.100000,0.100000,0.000000,0.700000,0.000000
72.1122,1,92.6893,0.0,995,15.239,0.120,1.83,0.100000,0.100000,0.000000,0.700000,0.000000
72.2243,1,117.8187,0.0,972,15.239,0.120,1.83,0.100000,0.100000,0.000000,0.700000,0.000000
72.2250,1,141.2570,0.0,955,15.239,0.120,1.83,0.100000,0.100000,0.000000,0.700000,0.000000
72.3477,1,158.1587,0.0,942,15.239,0.120,1.83,0.100000,0.100000,0.000000,0.700000,0.000000
72.3487,1,169.0788,0.0,916,15.239,0.120,1.83,0.100000,0.100000,0.000000,0.700000,0.000000
72.3495,1,168.9392,0.0,903,15.239,0.120,1.83,0.100000,0.100000,0.000000,0.700000,0.000000
72.4589,1,176.9398,0.0,893,15.239,0.120,1.83,0.100000,0.100000,0.000000,0.700000,0.000000
72.8092,1,168.0253,0.0,892,15.239,0.120,1.83,0.100000,0.100000,0.000000,0.700000,0.000000
72.8102,1,158.8852,0.0,888,15.239,0.120,1.83,0.100000,0.100000,0.000000,0.700000,0.000000
72.8111,1,145.1835,0.0,888,15.239,0.120,1.83,0.100000,0.100000,0.000000,0.700000,0.000000
72.8119,1,130.0254,0.0,887,15.239,0.120,1.83,0.100000,0.100000,0.000000,0.700000,0.000000
72.8120,1,122.2394,0.0,890,15.239,0.120,1.83,0.100000,0.100000,0.000000,0.700000,0.000000
72.8122,1,114.6523,0.0,893,15.239,0.120,1.83,0.100000,0.100000,0.000000,0.700000,0.000000
72.8124,1,112.6108,0.0,892,15.239,0.120,1.83,0.100000,0.100000,0.000000,0.700000,0.000000
72.8381,1,110.9949,0.0,894,15.239,0.120,1.83,0.100000,0.100000,0.000000,0.700000,0.000000
72.9917,1,108.8117,0.0,892,15.239,0.120,1.83,0.100000,0.100000,0.000000,0.700000,0.000000
73.1398,1,118.5142,0.0,891,15.239,0.120,1.83,0.100000,0.100000,0.000000,0.700000,0.000000
73.1874,1,128.1545,0.0,886,15.239,0.120,1.83,0.100000,0.100000,0.000000,0.700000,0.000000
73.2685,1,140.6475,0.0,873,15.239,0.120,1.83,0.100000,0.100000,0.000000,0.700000,0.000000
73.2691,1,160.0450,0.0,864,15.239,0.120,1.83,0.100000,0.100000,0.000000,0.700000,0.000000
73.3726,1,174.7130,0.0,853,15.239,0.120,1.83,0.100000,0.100000,0.000000,0.700000,0.000000
73.3732,1,193.3203,0.0,840,15.239,0.120,1.83,0.100000,0.100000,0.000000,0.700000,0.000000
73.7343,1,182.4441,0.0,826,15.239,0.120,1.83,0.100000,0.100000,0.000000,0.700000,0.000000
73.7353,1,141.6358,0.0,818,15.239,0.120,1.83,0.100000,0.100000,0.000000,0.700000,0.000000
73.7361,1,100.3892,0.0,818,15.239,0.120,1.83,0.100000,0.100000,0.000000,0.700000,0.000000
73.7366,1,110.4429,0.0,854,15.239,0.120,1.83,0.100000,0.100000,0.000000,0.700000,0.000000
73.7370,1,181.5959,0.0,852,15.239,0.120,1.83,0.100000,0.100000,0.000000,0.700000,0.000000
74.1082,1,215.8162,0.0,822,15.239,0.120,1.83,0.100000,0.100000,0.000000,0.700000,0.000000
74.1088,1,200.1000,0.0,800,15.239,0.120,1.83,0.100000,0.100000,0.000000,0.700000,0.000000
74.1095,1,181.0178,0.0,800,15.239,0.120,1.83,0.100000,0.100000,0.000000,0.700000,0.000000
74.1101,1,171.9732,0.0,800,15.239,0.120,1.83,0.100000,0.100000,0.000000,0.700000,0.000000
74.1106,1,147.7482,0.0,800,15.239,0.120,1.83,0.100000,0.100000,0.000000,0.700000,0.000000
74.1107,1,130.2974,0.0,800,15.239,0.120,1.83,0.100000,0.100000,0.000000,0.700000,0.000000
74.1109,1,104.9645,0.0,800,15.239,0.120,1.83,0.100000,0.100000,0.000000,0.700000,0.000000
74.4109,1,68.0277,0.0,800,15.239,0.120,1.83,0.100000,0.100000,0.000000,0.700000,0.000000
74.4120,1,32.6633,0.0,819,15.239,0.120,1.83,0.100000,0.100000,0.000000,0.700000,0.000000
74.4128,1,13.2008,0.0,821,15.239,0.120,1.83,0.100000,0.100000,0.000000,0.700000,0.000000
74.4138,1,24.0093,0.0,840,15.239,0.120,1.83,0.100000,0.100000,0.000000,0.700000,0.000000
74.5111,1,114.0059,0.0,851,15.239,0.120,1.83,0.100000,0.100000,0.000000,0.700000,0.000000
74.6065,1,119.3336,0.0,800,15.239,0.120,1.83,0.100000,0.100000,0.000000,0.700000,0.000000
74.7137,1,74.4005,0.0,800,15.239,0.120,1.83,0.100000,0.100000,0.000000,0.700000,0.000000
74.8879,1,38.1647,0.0,800,15.239,0.120,1.83,0.100000,0.100000,0.000000,0.700000,0.000000
74.8884,1,-1.6895,0.0,806,15.239,0.120,1.83,0.100000,0.100000,0.000000,0.700000,0.000000
75.0753,1,-51.6058,0.0,833,15.239,0.120,1.83,0.100000,0.100000,0.000000,0.700000,0.000000
75.0758,1,-60.4079,0.0,850,15.239,0.120,1.83,0.100000,0.100000,0.000000,0.700000,0.000000
75.0766,1,14.1805,0.0,869,15.239,0.120,1.83,0.100000,0.100000,0.000000,0.700000,0.000000
75.1797,1,83.7514,0.0,865,15.239,0.120,1.83,0.100000,0.100000,0.000000,0.700000,0.000000
75.3511,1,54.9037,0.0,801,15.239,0.120,1.83,0.100000,0.100000,0.000000,0.700000,0.000000
75.3517,1,-15.0718,0.0,800,15.239,0.120,1.83,0.100000,0.100000,0.000000,0.700000,0.000000
75.3529,1,-66.5550,0.0,826,15.239,0.120,1.83,0.100000,0.100000,0.000000,0.700000,0.000000
75.3895,1,-48.4455,0.0,867,15.239,0.120,1.83,0.100000,0.100000,0.000000,0.700000,0.000000
75.6150,1,-18.3209,0.0,866,15.239,0.120,1.83,0.100000,0.100000,0.000000,0.700000,0.000000
76.0247,1,6.7385,0.0,855,15.239,0.120,1.83,0.100000,0.100000,0.000000,0.700000,0.000000
76.0255,1,30.6075,0.0,840,15.239,0.120,1.83,0.100000,0.100000,0.000000,0.700000,0.000000
76.0261,1,12.2722,0.0,828,15.239,0.120,1.83,0.100000,0.100000,0.000000,0.700000,0.000000
76.0271,1,-25.1490,0.0,820,15.239,0.120,1.83,0.100000,0.100000,0.000000,0.700000,0.000000
76.0275,1,-20.2599,0.0,830,15.239,0.120,1.83,0.100000,0.100000,0.000000,0.700000,0.000000
76.0276,1,4.1916,0.0,850,15.239,0.120,1.83,0.100000,0.100000,0.000000,0.700000,0.000000
76.0279,1,27.2575,0.0,839,15.239,0.120,1.83,0.100000,0.100000,0.000000,0.700000,0.000000
76.0280,1,23.7715,0.0,826,15.239,0.120,1.83,0.100000,0.100000,0.000000,0.700000,0.000000
76.0283,1,-10.2887,0.0,818,15.239,0.120,1.83,0.100000,0.100000,0.000000,0.700000,0.000000
76.1133,1,-32.0191,0.0,829,15.239,0.120,1.83,0.100000,0.100000,0.000000,0.700000,0.000000
76.3400,1,-8.7654,0.0,844,15.239,0.120,1.83,0.100000,0.100000,0.000000,0.700000,0.000000
76.3409,1,23.1804,0.0,852,15.239,0.120,1.83,0.100000,0.100000,0.000000,0.700000,0.000000
76.3415,1,32.6173,0.0,828,15.239,0.120,1.83,0.100000,0.100000,0.000000,0.700000,0.000000
76.7596,1,12.1965,0.0,814,15.239,0.120,1.83,0.100000,0.100000,0.000000,0.700000,0.000000
76.7602,1,-29.6117,0.0,824,15.239,0.120,1.83,0.100000,0.100000,0.000000,0.700000,0.000000
76.7610,1,-46.7759,0.0,839,15.239,0.120,1.83,0.100000,0.100000,0.000000,0.700000,0.000000
76.7615,1,-48.8800,0.0,856,15.239,0.120,1.83,0.100000,0.100000,0.000000,0.700000,0.000000
76.7620,1,-24.2564,0.0,856,15.239,0.120,1.83,0.100000,0.100000,0.000000,0.700000,0.000000
76.7622,1,-0.1773,0.0,863,15.239,0.120,1.83,0.100000,0.100000,0.000000,0.700000,0.000000
76.7623,1,18.5862,0.0,848,15.239,0.120,1.83,0.100000,0.100000,0.000000,0.700000,0.000000
76.7624,1,36.0002,0.0,835,15.239,0.120,1.83,0.100000,0.100000,0.000000,0.700000,0.000000
76.7625,1,37.0334,0.0,820,15.239,0.120,1.83,0.100000,0.100000,0.000000,0.700000,0.000000
76.7626,1,18.3589,0.0,820,15.239,0.120,1.83,0.100000,0.100000,0.000000,0.700000,0.000000
76.7627,1,-5.6502,0.0,817,15.239,0.120,1.83,0.100000,0.100000,0.000000,0.700000,0.000000
76.8870,1,-26.5429,0.0,830,15.239,0.120,1.83,0.100000,0.100000,0.000000,0.700000,0.000000
76.8875,1,-38.0727,0.0,845,15.239,0.120,1.83,0.100000,0.100000,0.000000,0.700000,0.000000
76.8879,1,-20.9991,0.0,845,15.239,0.120,1.83,0.100000,0.100000,0.000000,0.700000,0.000000
76.9882,1,-8.3006,0.0,845,15.239,0.120,1.83,0.100000,0.100000,0.000000,0.700000,0.000000
76.9897,1,4.2283,0.0,849,15.239,0.120,1.83,0.100000,0.100000,0.000000,0.700000,0.000000
76.9909,1,21.5886,0.0,837,15.239,0.120,1.83,0.100000,0.100000,0.000000,0.700000,0.000000
77.0843,1,28.5840,0.0,837,15.239,0.120,1.83,0.100000,0.100000,0.000000,0.700000,0.000000
77.1636,1,16.6788,0.0,826,15.239,0.120,1.83,0.100000,0.100000,0.000000,0.700000,0.000000
77.3050,1,-6.3788,0.0,822,15.239,0.120,1.83,0.100000,0.100000,0.000000,0.700000,0.000000
77.3061,1,-17.4735,0.0,833,15.239,0.120,1.83,0.100000,0.100000,0.000000,0.700000,0.000000
77.6690,1,-16.9733,0.0,833,15.239,0.120,1.83,0.100000,0.100000,0.000000,0.700000,0.000000
77.6696,1,-11.4482,0.0,845,15.239,0.120,1.83,0.100000,0.100000,0.000000,0.700000,0.000000
77.6704,1,-7.6775,0.0,846,15.239,0.120,1.83,0.100000,0.100000,0.000000,0.700000,0.000000
77.6710,1,-6.7775,0.0,842,15.239,0.120,1.83,0.100000,0.100000,0.000000,0.700000,0.000000
77.6714,1,-5.9651,0.0,842,15.239,0.120,1.83,0.100000,0.100000,0.000000,0.700000,0.000000
77.6716,1,-7.0513,0.0,842,15.239,0.120,1.83,0.100000,0.100000,0.000000,0.700000,0.000000
77.6717,1,-2.8485,0.0,839,15.239,0.120,1.83,0.100000,0.100000,0.000000,0.700000,0.000000
77.6718,1,2.9897,0.0,840,15.239,0.120,1.83,0.100000,0.100000,0.000000,0.700000,0.000000
77.7645,1,9.4568,0.0,837,15.239,0.120,1.83,0.100000,0.100000,0.000000,0.700000,0.000000
77.7651,1,11.9379,0.0,837,15.239,0.120,1.83,0.100000,0.100000,0.000000,0.700000,0.000000
77.7657,1,2.7900,0.0,832,15.239,0.120,1.83,0.100000,0.100000,0.000000,0.700000,0.000000
77.9555,1,7.0667,0.0,831,15.239,0.120,1.83,0.100000,0.100000,0.000000,0.700000,0.000000
77.9561,1,12.6741,0.0,836,15.239,0.120,1.83,0.100000,0.100000,0.000000,0.700000,0.000000
77.9570,1,13.5133,0.0,831,15.239,0.120,1.83,0.100000,0.100000,0.000000,0.700000,0.000000
78.1502,1,18.2735,0.0,829,15.239,0.120,1.83,0.100000,0.100000,0.000000,0.700000,0.000000
78.4594,1,7.3161,0.0,826,15.239,0.120,1.83,0.100000,0.100000,0.000000,0.700000,0.000000
78.4604,1,-13.1428,0.0,827,15.239,0.120,1.83,0.100000,0.100000,0.000000,0.700000,0.000000
78.4610,1,-10.6392,0.0,838,15.239,0.120,1.83,0.100000,0.100000,0.000000,0.700000,0.000000
78.4616,1,-0.4962,0.0,844,15.239,0.120,1.83,0.100000,0.100000,0.000000,0.700000,0.000000
78.4621,1,12.5711,0.0,841,15.239,0.120,1.83,0.100000,0.100000,0.000000,0.700000,0.000000
78.5720,1,15.5968,0.0,836,15.239,0.120,1.83,0.100000,0.100000,0.000000,0.700000,0.000000
78.5727,1,20.5858,0.0,828,15.239,0.120,1.83,0.100000,0.100000,0.000000,0.700000,0.000000
78.6993,1,-14.0944,0.0,824,15.239,0.120,1.83,0.100000,0.100000,0.000000,0.700000,0.000000
78.7313,1,-54.8019,0.0,830,15.239,0.120,1.83,0.100000,0.100000,0.000000,0.700000,0.000000
79.0071,1,-43.5953,0.0,850,15.239,0.120,1.83,0.100000,0.100000,0.000000,0.700000,0.000000
79.0079,1,-42.3773,0.0,861,15.239,0.120,1.83,0.100000,0.100000,0.000000,0.700000,0.000000
79.0084,1,-26.2003,0.0,861,15.239,0.120,1.83,0.100000,0.100000,0.000000,0.700000,0.000000
79.0092,1,-21.7620,0.0,861,15.239,0.120,1.83,0.100000,0.100000,0.000000,0.700000,0.000000
79.0093,1,-4.0436,0.0,850,15.239,0.120,1.83,0.100000,0.100000,0.000000,0.700000,0.000000
79.0094,1,3.2979,0.0,846,15.239,0.120,1.83,0.100000,0.100000,0.000000,0.700000,0.000000
79.2366,1,-4.6782,0.0,838,15.239,0.120,1.83,0.100000,0.100000,0.000000,0.700000,0.000000
79.2381,1,1.1158,0.0,840,15.239,0.120,1.83,0.100000,0.100000,0.000000,0.700000,0.000000
79.2391,1,4.3526,0.0,840,15.239,0.120,1.83,0.100000,0.100000,0.000000,0.700000,0.000000
79.2397,1,14.6343,0.0,835,15.239,0.120,1.83,0.100000,0.100000,0.000000,0.700000,0.000000
79.3854,1,20.4408,0.0,840,15.239,0.120,1.83,0.100000,0.100000,0.000000,0.700000,0.000000
79.6918,1,13.7146,0.0,829,15.239,0.120,1.83,0.100000,0.100000,0.000000,0.700000,0.000000
79.6931,1,16.6415,0.0,831,15.239,0.120,1.83,0.100000,0.100000,0.000000,0.700000,0.000000
79.6937,1,-8.7682,0.0,829,15.239,0.120,1.83,0.100000,0.100000,0.000000,0.700000,0.000000
79.6945,1,6.5715,0.0,828,15.239,0.120,1.83,0.100000,0.100000,0.000000,0.700000,0.000000
79.6948,1,18.6235,0.0,838,15.239,0.120,1.83,0.100000,0.100000,0.000000,0.700000,0.000000
79.6950,1,1.0481,0.0,826,15.239,0.120,1.83,0.100000,0.100000,0.000000,0.700000,0.000000
79.9727,1,13.3054,0.0,832,15.239,0.120,1.83,0.100000,0.100000,0.000000,0.700000,0.000000
79.9737,1,15.1561,0.0,829,15.239,0.120,1.83,0.100000,0.100000,0.000000,0.700000,0.000000
79.9742,1,17.0034,0.0,829,15.239,0.120,1.83,0.100000,0.100000,0.000000,0.700000,0.000000
79.9755,1,-2.2119,0.0,827,15.239,0.120,1.83,0.100000,0.100000,0.000000,0.700000,0.000000
79.9858,1,-53.1210,0.0,825,15.239,0.120,1.83,0.100000,0.100000,0.000000,0.700000,0.000000
80.2563,1,-42.3108,0.0,864,15.239,0.120,1.83,0.100000,0.100000,0.000000,0.700000,0.000000
80.6054,1,-22.9945,0.0,862,15.239,0.120,1.83,0.100000,0.100000,0.000000,0.700000,0.000000
80.6067,1,-7.4270,0.0,853,15.239,0.120,1.83,0.100000,0.100000,0.000000,0.700000,0.000000
80.6075,1,11.6704,0.0,847,15.239,0.120,1.83,0.100000,0.100000,0.000000,0.700000,0.000000
80.6081,1,-5.2742,0.0,836,15.239,0.120,1.83,0.100000,0.100000,0.000000,0.700000,0.000000
80.6085,1,4.8366,0.0,838,15.239,0.120,1.83,0.100000,0.100000,0.000000,0.700000,0.000000
80.6087,1,8.2136,0.0,838,15.239,0.120,1.83,0.100000,0.100000,0.000000,0.700000,0.000000
80.7738,1,6.4087,0.0,831,15.239,0.120,1.83,0.100000,0.100000,0.000000,0.700000,0.000000
80.7749,1,18.5992,0.0,835,15.239,0.120,1.83,0.100000,0.100000,0.000000,0.700000,0.000000
80.8499,1,-7.8939,0.0,834,15.239,0.120,1.83,0.100000,0.100000,0.000000,0.700000,0.000000
80.9500,1,-1.5520,0.0,835,15.239,0.120,1.83,0.100000,0.100000,0.000000,0.700000,0.000000
81.0778,1,-9.1827,0.0,840,15.239,0.120,1.83,0.100000,0.100000,0.000000,0.700000,0.000000
81.4127,1,-8.5645,0.0,840,15.239,0.120,1.83,0.100000,0.100000,0.000000,0.700000,0.000000
81.4133,1,-1.9483,0.0,839,15.239,0.120,1.83,0.100000,0.100000,0.000000,0.700000,0.000000
81.4143,1,-10.7452,0.0,844,15.239,0.120,1.83,0.100000,0.100000,0.000000,0.700000,0.000000
81.4150,1,5.0461,0.0,845,15.239,0.120,1.83,0.100000,0.100000,0.000000,0.700000,0.000000
81.4154,1,9.0765,0.0,840,15.239,0.120,1.83,0.100000,0.100000,0.000000,0.700000,0.000000
81.5843,1,8.4507,0.0,836,15.239,0.120,1.83,0.100000,0.100000,0.000000,0.700000,0.000000
81.5854,1,17.1467,0.0,837,15.239,0.120,1.83,0.100000,0.100000,0.000000,0.700000,0.000000
81.6697,1,14.7698,0.0,831,15.239,0.120,1.83,0.100000,0.100000,0.000000,0.700000,0.000000
81.7538,1,22.0460,0.0,830,15.239,0.120,1.83,0.100000,0.100000,0.000000,0.700000,0.000000
82.0326,1,6.9644,0.0,825,15.239,0.120,1.83,0.100000,0.100000,0.000000,0.700000,0.000000
82.0333,1,14.0295,0.0,828,15.239,0.120,1.83,0.100000,0.100000,0.000000,0.700000,0.000000
82.0337,1,16.5843,0.0,828,15.239,0.120,1.83,0.100000,0.100000,0.000000,0.700000,0.000000
82.0343,1,-8.2145,0.0,828,15.239,0.120,1.83,0.100000,0.100000,0.000000,0.700000,0.000000
82.1891,1,-9.0925,0.0,835,15.239,0.120,1.83,0.100000,0.100000,0.000000,0.700000,0.000000
82.1903,1,-16.6006,0.0,839,15.239,0.120,1.83,0.100000,0.100000,0.000000,0.700000,0.000000
82.4927,1,-10.5949,0.0,839,15.239,0.120,1.83,0.100000,0.100000,0.000000,0.700000,0.000000
82.4940,1,-14.3846,0.0,848,15.239,0.120,1.83,0.100000,0.100000,0.000000,0.700000,0.000000
82.4944,1,-16.9715,0.0,843,15.239,0.120,1.83,0.100000,0.100000,0.000000,0.700000,0.000000
82.4951,1,-8.7092,0.0,846,15.239,0.120,1.83,0.100000,0.100000,0.000000,0.700000,0.000000
82.6526,1,-0.1601,0.0,846,15.239,0.120,1.83,0.100000,0.100000,0.000000,0.700000,0.000000
82.6537,1,-9.3791,0.0,841,15.239,0.120,1.83,0.100000,0.100000,0.000000,0.700000,0.000000
82.6542,1,-1.4147,0.0,838,15.239,0.120,1.83,0.100000,0.100000,0.000000,0.700000,0.000000
82.8563,1,10.2564,0.0,837,15.239,0.120,1.83,0.100000,0.100000,0.000000,0.700000,0.000000
82.8569,1,5.2023,0.0,835,15.239,0.120,1.83,0.100000,0.100000,0.000000,0.700000,0.000000
82.9580,1,8.6172,0.0,833,15.239,0.120,1.83,0.100000,0.100000,0.000000,0.700000,0.000000
83.0058,1,18.9921,0.0,836,15.239,0.120,1.83,0.100000,0.100000,0.000000,0.700000,0.000000
83.0768,1,16.0368,0.0,831,15.239,0.120,1.83,0.100000,0.100000,0.000000,0.700000,0.000000
83.2037,1,11.7251,0.0,833,15.239,0.120,1.83,0.100000,0.100000,0.000000,0.700000,0.000000
83.2044,1,15.2701,0.0,827,15.239,0.120,1.83,0.100000,0.100000,0.000000,0.700000,0.000000
83.5577,1,17.4329,0.0,827,15.239,0.120,1.83,0.100000,0.100000,0.000000,0.700000,0.000000
83.5584,1,-14.2914,0.0,825,15.239,0.120,1.83,0.100000,0.100000,0.000000,0.700000,0.000000
83.5591,1,-9.3580,0.0,829,15.239,0.120,1.83,0.100000,0.100000,0.000000,0.700000,0.000000
83.5604,1,-9.4797,0.0,843,15.239,0.120,1.83,0.100000,0.100000,0.000000,0.700000,0.000000
83.5612,1,-14.8474,0.0,841,15.239,0.120,1.83,0.100000,0.100000,0.000000,0.700000,0.000000
83.5619,1,-18.8144,0.0,840,15.239,0.120,1.83,0.100000,0.100000,0.000000,0.700000,0.000000
83.5621,1,-12.9276,0.0,846,15.239,0.120,1.83,0.100000,0.100000,0.000000,0.700000,0.000000
83.7356,1,-15.7327,0.0,847,15.239,0.120,1.83,0.100000,0.100000,0.000000,0.700000,0.000000
83.7358,1,-20.6327,0.0,844,15.239,0.120,1.83,0.100000,0.100000,0.000000,0.700000,0.000000
83.7359,1,-13.5169,0.0,850,15.239,0.120,1.83,0.100000,0.100000,0.000000,0.700000,0.000000
83.7361,1,2.9311,0.0,849,15.239,0.120,1.83,0.100000,0.100000,0.000000,0.700000,0.000000
83.8957,1,7.4195,0.0,843,15.239,0.120,1.83,0.100000,0.100000,0.000000,0.700000,0.000000
83.8967,1,16.5281,0.0,837,15.239,0.120,1.83,0.100000,0.100000,0.000000,0.700000,0.000000
84.0076,1,27.5970,0.0,834,15.239,0.120,1.83,0.100000,0.100000,0.000000,0.700000,0.000000
84.1204,1,-2.8593,0.0,824,15.239,0.120,1.83,0.100000,0.100000,0.000000,0.700000,0.000000
84.1207,1,-18.6611,0.0,831,15.239,0.120,1.83,0.100000,0.100000,0.000000,0.700000,0.000000
84.1208,1,-9.2185,0.0,848,15.239,0.120,1.83,0.100000,0.100000,0.000000,0.700000,0.000000
84.2311,1,-6.3171,0.0,847,15.239,0.120,1.83,0.100000,0.100000,0.000000,0.700000,0.000000
84.3116,1,-3.0094,0.0,845,15.239,0.120,1.83,0.100000,0.100000,0.000000,0.700000,0.000000
84.7050,1,9.2868,0.0,839,15.239,0.120,1.83,0.100000,0.100000,0.000000,0.700000,0.000000
84.7058,1,14.7432,0.0,840,15.239,0.120,1.83,0.100000,0.100000,0.000000,0.700000,0.000000
84.7061,1,-2.1450,0.0,831,15.239,0.120,1.83,0.100000,0.100000,0.000000,0.700000,0.000000
84.7064,1,4.8861,0.0,836,15.239,0.120,1.83,0.100000,0.100000,0.000000,0.700000,0.000000
84.7068,1,9.3250,0.0,837,15.239,0.120,1.83,0.100000,0.100000,0.000000,0.700000,0.000000
84.7076,1,18.0937,0.0,833,15.239,0.120,1.83,0.100000,0.100000,0.000000,0.700000,0.000000
84.7082,1,24.7302,0.0,831,15.239,0.120,1.83,0.100000,0.100000,0.000000,0.700000,0.000000
84.8168,1,20.6202,0.0,830,15.239,0.120,1.83,0.100000,0.100000,0.000000,0.700000,0.000000
84.8175,1,-16.8425,0.0,823,15.239,0.120,1.83,0.100000,0.100000,0.000000,0.700000,0.000000
85.0161,1,-38.4049,0.0,841,15.239,0.120,1.83,0.100000,0.100000,0.000000,0.700000,0.000000
85.0167,1,-30.3363,0.0,860,15.239,0.120,1.83,0.100000,0.100000,0.000000,0.700000,0.000000
85.0173,1,-13.0878,0.0,857,15.239,0.120,1.83,0.100000,0.100000,0.000000,0.700000,0.000000
85.0182,1,-15.4113,0.0,851,15.239,0.120,1.83,0.100000,0.100000,0.000000,0.700000,0.000000
85.3279,1,-5.2089,0.0,845,15.239,0.120,1.83,0.100000,0.100000,0.000000,0.700000,0.000000
85.3291,1,7.3539,0.0,847,15.239,0.120,1.83,0.100000,0.100000,0.000000,0.700000,0.000000
85.3297,1,-0.0677,0.0,842,15.239,0.120,1.83,0.100000,0.100000,0.000000,0.700000,0.000000
85.3308,1,-1.7063,0.0,838,15.239,0.120,1.83,0.100000,0.100000,0.000000,0.700000,0.000000
85.3318,1,11.6730,0.0,840,15.239,0.120,1.83,0.100000,0.100000,0.000000,0.700000,0.000000
85.3324,1,7.5279,0.0,837,15.239,0.120,1.83,0.100000,0.100000,0.000000,0.700000,0.000000
85.4122,1,3.6942,0.0,838,15.239,0.120,1.83,0.100000,0.100000,0.000000,0.700000,0.000000
85.5344,1,2.7909,0.0,834,15.239,0.120,1.83,0.100000,0.100000,0.000000,0.700000,0.000000
85.5351,1,12.9268,0.0,838,15.239,0.120,1.83,0.100000,0.100000,0.000000,0.700000,0.000000
85.5362,1,19.9595,0.0,838,15.239,0.120,1.83,0.100000,0.100000,0.000000,0.700000,0.000000
85.6453,1,17.3700,0.0,831,15.239,0.120,1.83,0.100000,0.100000,0.000000,0.700000,0.000000
85.6459,1,1.0126,0.0,828,15.239,0.120,1.83,0.100000,0.100000,0.000000,0.700000,0.000000
85.6466,1,0.6673,0.0,836,15.239,0.120,1.83,0.100000,0.100000,0.000000,0.700000,0.000000
85.7693,1,4.2617,0.0,836,15.239,0.120,1.83,0.100000,0.100000,0.000000,0.700000,0.000000
85.7701,1,2.7025,0.0,837,15.239,0.120,1.83,0.100000,0.100000,0.000000,0.700000,0.000000
85.7709,1,2.7015,0.0,833,15.239,0.120,1.83,0.100000,0.100000,0.000000,0.700000,0.000000
85.8808,1,-2.5782,0.0,833,15.239,0.120,1.83,0.100000,0.100000,0.000000,0.700000,0.000000
85.8814,1,4.2524,0.0,833,15.239,0.120,1.83,0.100000,0.100000,0.000000,0.700000,0.000000
85.8821,1,11.1400,0.0,836,15.239,0.120,1.83,0.100000,0.100000,0.000000,0.700000,0.000000
85.9936,1,15.8091,0.0,832,15.239,0.120,1.83,0.100000,0.100000,0.000000,0.700000,0.000000
85.9943,1,7.7967,0.0,831,15.239,0.120,1.83,0.100000,0.100000,0.000000,0.700000,0.000000
86.0076,1,-3.6647,0.0,831,15.239,0.120,1.83,0.100000,0.100000,0.000000,0.700000,0.000000
86.0774,1,3.6533,0.0,831,15.239,0.120,1.83,0.100000,0.100000,0.000000,0.700000,0.000000
86.0782,1,8.9289,0.0,836,15.239,0.120,1.83,0.100000,0.100000,0.000000,0.700000,0.000000
86.4474,1,10.1870,0.0,834,15.239,0.120,1.83,0.100000,0.100000,0.000000,0.700000,0.000000
86.4479,1,19.4252,0.0,832,15.239,0.120,1.83,0.100000,0.100000,0.000000,0.700000,0.000000
86.4483,1,18.3112,0.0,832,15.239,0.120,1.83,0.100000,0.100000,0.000000,0.700000,0.000000
86.4492,1,16.9627,0.0,826,15.239,0.120,1.83,0.100000,0.100000,0.000000,0.700000,0.000000
86.4496,1,0.4807,0.0,824,15.239,0.120,1.83,0.100000,0.100000,0.000000,0.700000,0.000000
86.4506,1,-10.9943,0.0,834,15.239,0.120,1.83,0.100000,0.100000,0.000000,0.700000,0.000000
86.4508,1,-17.4126,0.0,834,15.239,0.120,1.83,0.100000,0.100000,0.000000,0.700000,0.000000
86.7801,1,-22.3890,0.0,841,15.239,0.120,1.83,0.100000,0.100000,0.000000,0.700000,0.000000
86.7805,1,-19.8864,0.0,847,15.239,0.120,1.83,0.100000,0.100000,0.000000,0.700000,0.000000
86.7810,1,-15.3070,0.0,848,15.239,0.120,1.83,0.100000,0.100000,0.000000,0.700000,0.000000
86.7813,1,-9.7942,0.0,848,15.239,0.120,1.83,0.100000,0.100000,0.000000,0.700000,0.000000
86.7816,1,-3.8207,0.0,845,15.239,0.120,1.83,0.100000,0.100000,0.000000,0.700000,0.000000
86.7824,1,-5.5016,0.0,839,15.239,0.120,1.83,0.100000,0.100000,0.000000,0.700000,0.000000
86.7827,1,-3.2084,0.0,836,15.239,0.120,1.83,0.100000,0.100000,0.000000,0.700000,0.000000
86.7832,1,6.5583,0.0,836,15.239,0.120,1.83,0.100000,0.100000,0.000000,0.700000,0.000000
86.9033,1,15.0225,0.0,837,15.239,0.120,1.83,0.100000,0.100000,0.000000,0.700000,0.000000
86.9040,1,11.5452,0.0,832,15.239,0.120,1.83,0.100000,0.100000,0.000000,0.700000,0.000000
86.9047,1,1.1451,0.0,828,15.239,0.120,1.83,0.100000,0.100000,0.000000,0.700000,0.000000
87.1246,1,7.9473,0.0,828,15.239,0.120,1.83,0.100000,0.100000,0.000000,0.700000,0.000000
87.1253,1,11.1619,0.0,836,15.239,0.120,1.83,0.100000,0.100000,0.000000,0.700000,0.000000
87.1258,1,14.2566,0.0,831,15.239,0.120,1.83,0.100000,0.100000,0.000000,0.700000,0.000000
87.1267,1,12.1043,0.0,826,15.239,0.120,1.83,0.100000,0.100000,0.000000,0.700000,0.000000
87.1272,1,4.9486,0.0,826,15.239,0.120,1.83,0.100000,0.100000,0.000000,0.700000,0.000000
87.1932,1,-1.1758,0.0,828,15.239,0.120,1.83,0.100000,0.100000,0.000000,0.700000,0.000000
87.6031,1,4.7966,0.0,833,15.239,0.120,1.83,0.100000,0.100000,0.000000,0.700000,0.000000
87.6037,1,9.1841,0.0,831,15.239,0.120,1.83,0.100000,0.100000,0.000000,0.700000,0.000000
87.6042,1,7.2389,0.0,831,15.239,0.120,1.83,0.100000,0.100000,0.000000,0.700000,0.000000
87.6050,1,0.8431,0.0,831,15.239,0.120,1.83,0.100000,0.100000,0.000000,0.700000,0.000000
87.6056,1,1.5697,0.0,831,15.239,0.120,1.83,0.100000,0.100000,0.000000,0.700000,0.000000
87.6059,1,-0.8017,0.0,834,15.239,0.120,1.83,0.100000,0.100000,0.000000,0.700000,0.000000
87.6061,1,-11.7388,0.0,835,15.239,0.120,1.83,0.100000,0.100000,0.000000,0.700000,0.000000
87.6062,1,-10.4810,0.0,835,15.239,0.120,1.83,0.100000,0.100000,0.000000,0.700000,0.000000
88.1719,1,-18.4791,0.0,840,15.239,0.120,1.83,0.100000,0.100000,0.000000,0.700000,0.000000
88.1728,1,-15.1113,0.0,838,15.239,0.120,1.83,0.100000,0.100000,0.000000,0.700000,0.000000
88.1734,1,-16.4332,0.0,846,15.239,0.120,1.83,0.100000,0.100000,0.000000,0.700000,0.000000
88.1740,1,-21.9546,0.0,846,15.239,0.120,1.83,0.100000,0.100000,0.000000,0.700000,0.000000
88.1747,1,-30.0836,0.0,844,15.239,0.120,1.83,0.100000,0.100000,0.000000,0.700000,0.000000
88.1749,1,-36.9212,0.0,850,15.239,0.120,1.83,0.100000,0.100000,0.000000,0.700000,0.000000
88.1751,1,-36.5322,0.0,856,15.239,0.120,1.83,0.100000,0.100000,0.000000,0.700000,0.000000
88.1753,1,-29.3023,0.0,856,15.239,0.120,1.83,0.100000,0.100000,0.000000,0.700000,0.000000
88.1754,1,-39.7499,0.0,860,15.239,0.120,1.83,0.100000,0.100000,0.000000,0.700000,0.000000
88.1757,1,-31.0658,0.0,855,15.239,0.120,1.83,0.100000,0.100000,0.000000,0.700000,0.000000
88.1758,1,-23.5852,0.0,859,15.239,0.120,1.83,0.100000,0.100000,0.000000,0.700000,0.000000
88.1760,1,-23.0257,0.0,857,15.239,0.120,1.83,0.100000,0.100000,0.000000,0.700000,0.000000
88.1761,1,-11.0354,0.0,857,15.239,0.120,1.83,0.100000,0.100000,0.000000,0.700000,0.000000
88.2783,1,-2.3313,0.0,854,15.239,0.120,1.83,0.100000,0.100000,0.000000,0.700000,0.000000
88.2790,1,-1.3158,0.0,851,15.239,0.120,1.83,0.100000,0.100000,0.000000,0.700000,0.000000
88.3905,1,10.8532,0.0,843,15.239,0.120,1.83,0.100000,0.100000,0.000000,0.700000,0.000000
88.5887,1,8.7156,0.0,838,15.239,0.120,1.83,0.100000,0.100000,0.000000,0.700000,0.000000
88.5897,1,-0.1743,0.0,840,15.239,0.120,1.83,0.100000,0.100000,0.000000,0.700000,0.000000
88.5905,1,10.6899,0.0,845,15.239,0.120,1.83,0.100000,0.100000,0.000000,0.700000,0.000000
88.5917,1,-2.2474,0.0,841,15.239,0.120,1.83,0.100000,0.100000,0.000000,0.700000,0.000000
88.8642,1,-12.9162,0.0,846,15.239,0.120,1.83,0.100000,0.100000,0.000000,0.700000,0.000000
88.8648,1,-1.7378,0.0,841,15.239,0.120,1.83,0.100000,0.100000,0.000000,0.700000,0.000000
88.8654,1,-6.8885,0.0,849,15.239,0.120,1.83,0.100000,0.100000,0.000000,0.700000,0.000000
88.8659,1,-5.7679,0.0,845,15.239,0.120,1.83,0.100000,0.100000,0.000000,0.700000,0.000000
88.8663,1,4.5239,0.0,849,15.239,0.120,1.83,0.100000,0.100000,0.000000,0.700000,0.000000
88.9739,1,9.6043,0.0,845,15.239,0.120,1.83,0.100000,0.100000,0.000000,0.700000,0.000000
88.9746,1,9.9286,0.0,840,15.239,0.120,1.83,0.100000,0.100000,0.000000,0.700000,0.000000
89.1639,1,22.0168,0.0,838,15.239,0.120,1.83,0.100000,0.100000,0.000000,0.700000,0.000000
89.1645,1,15.4823,0.0,839,15.239,0.120,1.83,0.100000,0.100000,0.000000,0.700000,0.000000
89.1652,1,10.0736,0.0,831,15.239,0.120,1.83,0.100000,0.100000,0.000000,0.700000,0.000000
89.2616,1,12.2531,0.0,834,15.239,0.120,1.83,0.100000,0.100000,0.000000,0.700000,0.000000
89.4246,1,16.8239,0.0,834,15.239,0.120,1.83,0.100000,0.100000,0.000000,0.700000,0.000000
89.6298,1,10.4713,0.0,836,15.239,0.120,1.83,0.100000,0.100000,0.000000,0.700000,0.000000
89.6305,1,15.9692,0.0,834,15.239,0.120,1.83,0.100000,0.100000,0.000000,0.700000,0.000000
89.6318,1,20.9447,0.0,835,15.239,0.120,1.83,0.100000,0.100000,0.000000,0.700000,0.000000
89.6322,1,10.8477,0.0,831,15.239,0.120,1.83,0.100000,0.100000,0.000000,0.700000,0.000000
89.6328,1,12.1814,0.0,829,15.239,0.120,1.83,0.100000,0.100000,0.000000,0.700000,0.000000
89.8937,1,10.7920,0.0,834,15.239,0.120,1.83,0.100000,0.100000,0.000000,0.700000,0.000000
89.8942,1,9.7827,0.0,835,15.239,0.120,1.83,0.100000,0.100000,0.000000,0.700000,0.000000
89.8950,1,13.6627,0.0,830,15.239,0.120,1.83,0.100000,0.100000,0.000000,0.700000,0.000000
89.8952,1,0.5753,0.0,830,15.239,0.120,1.83,0.100000,0.100000,0.000000,0.700000,0.000000
90.1773,1,0.9134,0.0,832,15.239,0.120,1.83,0.100000,0.100000,0.000000,0.700000,0.000000
90.1779,1,-0.3503,0.0,837,15.239,0.120,1.83,0.100000,0.100000,0.000000,0.700000,0.000000
90.1787,1,3.9433,0.0,838,15.239,0.120,1.83,0.100000,0.100000,0.000000,0.700000,0.000000
90.1791,1,16.3693,0.0,840,15.239,0.120,1.83,0.100000,0.100000,0.000000,0.700000,0.000000
90.1797,1,20.3615,0.0,832,15.239,0.120,1.83,0.100000,0.100000,0.000000,0.700000,0.000000
90.4603,1,17.8357,0.0,829,15.239,0.120,1.83,0.100000,0.100000,0.000000,0.700000,0.000000
90.4616,1,-17.5888,0.0,822,15.239,0.120,1.83,0.100000,0.100000,0.000000,0.700000,0.000000
90.4621,1,-4.4625,0.0,843,15.239,0.120,1.83,0.100000,0.100000,0.000000,0.700000,0.000000
90.4630,1,21.0958,0.0,843,15.239,0.120,1.83,0.100000,0.100000,0.000000,0.700000,0.000000
90.5720,1,27.2878,0.0,836,15.239,0.120,1.83,0.100000,0.100000,0.000000,0.700000,0.000000
90.6444,1,0.8543,0.0,822,15.239,0.120,1.83,0.100000,0.100000,0.000000,0.700000,0.000000
90.9431,1,-28.7420,0.0,821,15.239,0.120,1.83,0.100000,0.100000,0.000000,0.700000,0.000000
90.9438,1,-17.5358,0.0,849,15.239,0.120,1.83,0.100000,0.100000,0.000000,0.700000,0.000000
90.9447,1,21.2470,0.0,850,15.239,0.120,1.83,0.100000,0.100000,0.000000,0.700000,0.000000
90.9451,1,43.5332,0.0,833,15.239,0.120,1.83,0.100000,0.100000,0.000000,0.700000,0.000000
90.9460,1,24.1114,0.0,816,15.239,0.120,1.83,0.100000,0.100000,0.000000,0.700000,0.000000
91.0389,1,-12.9636,0.0,811,15.239,0.120,1.83,0.100000,0.100000,0.000000,0.700000,0.000000
91.0868,1,-45.8277,0.0,824,15.239,0.120,1.83,0.100000,0.100000,0.000000,0.700000,0.000000
91.3335,1,-40.8690,0.0,841,15.239,0.120,1.83,0.100000,0.100000,0.000000,0.700000,0.000000
91.3341,1,13.0618,0.0,862,15.239,0.120,1.83,0.100000,0.100000,0.000000,0.700000,0.000000
91.3349,1,65.1357,0.0,839,15.239,0.120,1.83,0.100000,0.100000,0.000000,0.700000,0.000000
91.3355,1,64.4945,0.0,812,15.239,0.120,1.83,0.100000,0.100000,0.000000,0.700000,0.000000
91.3360,1,30.1276,0.0,800,15.239,0.120,1.83,0.100000,0.100000,0.000000,0.700000,0.000000
91.3361,1,-7.6331,0.0,804,15.239,0.120,1.83,0.100000,0.100000,0.000000,0.700000,0.000000
91.4627,1,-18.0136,0.0,821,15.239,0.120,1.83,0.100000,0.100000,0.000000,0.700000,0.000000
91.6284,1,-55.9810,0.0,835,15.239,0.120,1.83,0.100000,0.100000,0.000000,0.700000,0.000000
91.6291,1,-78.6620,0.0,835,15.239,0.120,1.83,0.100000,0.100000,0.000000,0.700000,0.000000
91.7529,1,-69.9931,0.0,860,15.239,0.120,1.83,0.100000,0.100000,0.000000,0.700000,0.000000
91.7800,1,-33.3876,0.0,875,15.239,0.120,1.83,0.100000,0.100000,0.000000,0.700000,0.000000
91.8626,1,17.0206,0.0,864,15.239,0.120,1.83,0.100000,0.100000,0.000000,0.700000,0.000000
91.8632,1,63.3752,0.0,864,15.239,0.120,1.83,0.100000,0.100000,0.000000,0.700000,0.000000
92.2246,1,79.3587,0.0,830,15.239,0.120,1.83,0.100000,0.100000,0.000000,0.700000,0.000000
92.2251,1,72.5550,0.0,800,15.239,0.120,1.83,0.100000,0.100000,0.000000,0.700000,0.000000
92.2256,1,54.7873,0.0,800,15.239,0.120,1.83,0.100000,0.100000,0.000000,0.700000,0.000000
92.2262,1,16.6334,0.0,802,15.239,0.120,1.83,0.100000,0.100000,0.000000,0.700000,0.000000
92.2264,1,-11.8399,0.0,802,15.239,0.120,1.83,0.100000,0.100000,0.000000,0.700000,0.000000
92.2265,1,-36.5038,0.0,823,15.239,0.120,1.83,0.100000,0.100000,0.000000,0.700000,0.000000
92.2267,1,-68.1676,0.0,845,15.239,0.120,1.83,0.100000,0.100000,0.000000,0.700000,0.000000
92.2268,1,-96.0491,0.0,861,15.239,0.120,1.83,0.100000,0.100000,0.000000,0.700000,0.000000
92.3179,1,-105.7185,0.0,861,15.239,0.120,1.83,0.100000,0.100000,0.000000,0.700000,0.000000
92.4310,1,-98.8513,0.0,885,15.239,0.120,1.83,0.100000,0.100000,0.000000,0.700000,0.000000
92.4317,1,-75.8383,0.0,891,15.239,0.120,1.83,0.100000,0.100000,0.000000,0.700000,0.000000
92.4323,1,-45.4041,0.0,887,15.239,0.120,1.83,0.100000,0.100000,0.000000,0.700000,0.000000
92.5525,1,-20.6831,0.0,887,15.239,0.120,1.83,0.100000,0.100000,0.000000,0.700000,0.000000
92.5530,1,0.4993,0.0,864,15.239,0.120,1.83,0.100000,0.100000,0.000000,0.700000,0.000000
92.6203,1,16.7969,0.0,847,15.239,0.120,1.83,0.100000,0.100000,0.000000,0.700000,0.000000
92.7739,1,23.3548,0.0,834,15.239,0.120,1.83,0.100000,0.100000,0.000000,0.700000,0.000000
92.7746,1,36.8862,0.0,834,15.239,0.120,1.83,0.100000,0.100000,0.000000,0.700000,0.000000
92.9676,1,37.0690,0.0,829,15.239,0.120,1.83,0.100000,0.100000,0.000000,0.700000,0.000000
92.9684,1,12.0015,0.0,820,15.239,0.120,1.83,0.100000,0.100000,0.000000,0.700000,0.000000
92.9689,1,-17.3253,0.0,824,15.239,0.120,1.83,0.100000,0.100000,0.000000,0.700000,0.000000
92.9694,1,-34.6195,0.0,844,15.239,0.120,1.83,0.100000,0.100000,0.000000,0.700000,0.000000
93.1368,1,-29.7587,0.0,844,15.239,0.120,1.83,0.100000,0.100000,0.000000,0.700000,0.000000
93.1374,1,-18.3983,0.0,858,15.239,0.120,1.83,0.100000,0.100000,0.000000,0.700000,0.000000
93.2047,1,-2.9811,0.0,851,15.239,0.120,1.83,0.100000,0.100000,0.000000,0.700000,0.000000
93.5998,1,8.7789,0.0,843,15.239,0.120,1.83,0.100000,0.100000,0.000000,0.700000,0.000000
93.6004,1,21.4672,0.0,843,15.239,0.120,1.83,0.100000,0.100000,0.000000,0.700000,0.000000
93.6014,1,25.1460,0.0,834,15.239,0.120,1.83,0.100000,0.100000,0.000000,0.700000,0.000000
93.6022,1,20.8264,0.0,829,15.239,0.120,1.83,0.100000,0.100000,0.000000,0.700000,0.000000
93.6024,1,20.9566,0.0,829,15.239,0.120,1.83,0.100000,0.100000,0.000000,0.700000,0.000000
93.6026,1,27.2624,0.0,829,15.239,0.120,1.83,0.100000,0.100000,0.000000,0.700000,0.000000
93.6028,1,14.6613,0.0,828,15.239,0.120,1.83,0.100000,0.100000,0.000000,0.700000,0.000000
93.6029,1,4.7696,0.0,822,15.239,0.120,1.83,0.100000,0.100000,0.000000,0.700000,0.000000
93.6031,1,28.7974,0.0,829,15.239,0.120,1.83,0.100000,0.100000,0.000000,0.700000,0.000000
93.6489,1,3.6953,0.0,822,15.239,0.120,1.83,0.100000,0.100000,0.000000,0.700000,0.000000
93.8273,1,-36.3027,0.0,822,15.239,0.120,1.83,0.100000,0.100000,0.000000,0.700000,0.000000
93.8282,1,-2.0728,0.0,853,15.239,0.120,1.83,0.100000,0.100000,0.000000,0.700000,0.000000
94.0499,1,31.8788,0.0,846,15.239,0.120,1.83,0.100000,0.100000,0.000000,0.700000,0.000000
94.0505,1,-1.5593,0.0,827,15.239,0.120,1.83,0.100000,0.100000,0.000000,0.700000,0.000000
94.0514,1,-26.3379,0.0,825,15.239,0.120,1.83,0.100000,0.100000,0.000000,0.700000,0.000000
94.0520,1,0.7796,0.0,853,15.239,0.120,1.83,0.100000,0.100000,0.000000,0.700000,0.000000
94.2426,1,30.5637,0.0,842,15.239,0.120,1.83,0.100000,0.100000,0.000000,0.700000,0.000000
94.2433,1,-9.2409,0.0,825,15.239,0.120,1.83,0.100000,0.100000,0.000000,0.700000,0.000000
94.3204,1,25.2641,0.0,839,15.239,0.120,1.83,0.100000,0.100000,0.000000,0.700000,0.000000
94.4697,1,4.5118,0.0,825,15.239,0.120,1.83,0.100000,0.100000,0.000000,0.700000,0.000000
94.4710,1,19.8385,0.0,838,15.239,0.120,1.83,0.100000,0.100000,0.000000,0.700000,0.000000
94.5711,1,9.0345,0.0,826,15.239,0.120,1.83,0.100000,0.100000,0.000000,0.700000,0.000000
94.8055,1,0.3937,0.0,825,15.239,0.120,1.83,0.100000,0.100000,0.000000,0.700000,0.000000
94.9816,1,-12.8141,0.0,833,15.239,0.120,1.83,0.100000,0.100000,0.000000,0.700000,0.000000
95.0331,1,-4.3863,0.0,829,15.239,0.120,1.83,0.100000,0.100000,0.000000,0.700000,0.000000
95.1831,1,8.4630,0.0,838,15.239,0.120,1.83,0.100000,0.100000,0.000000,0.700000,0.000000
95.4293,1,-1.4111,0.0,827,15.239,0.120,1.83,0.100000,0.100000,0.000000,0.700000,0.000000
95.4977,1,14.2047,0.0,834,15.239,0.120,1.83,0.100000,0.100000,0.000000,0.700000,0.000000
95.6519,1,-6.7100,0.0,828,15.239,0.120,1.83,0.100000,0.100000,0.000000,0.700000,0.000000
95.9374,1,6.5495,0.0,836,15.239,0.120,1.83,0.100000,0.100000,0.000000,0.700000,0.000000
95.9384,1,-29.4056,0.0,833,15.239,0.120,1.83,0.100000,0.100000,0.000000,0.700000,0.000000
96.1089,1,-18.9584,0.0,840,15.239,0.120,1.83,0.100000,0.100000,0.000000,0.700000,0.000000
96.2249,1,-12.3105,0.0,846,15.239,0.120,1.83,0.100000,0.100000,0.000000,0.700000,0.000000
96.2965,1,-48.5118,0.0,843,15.239,0.120,1.83,0.100000,0.100000,0.000000,0.700000,0.000000
96.4430,1,-47.8996,0.0,861,15.239,0.120,1.83,0.100000,0.100000,0.000000,0.700000,0.000000
96.7263,1,-51.2621,0.0,867,15.239,0.120,1.83,0.100000,0.100000,0.000000,0.700000,0.000000
96.7274,1,-65.6750,0.0,869,15.239,0.120,1.83,0.100000,0.100000,0.000000,0.700000,0.000000
96.9452,1,-57.8290,0.0,882,15.239,0.120,1.83,0.100000,0.100000,0.000000,0.700000,0.000000
96.9466,1,-45.0272,0.0,882,15.239,0.120,1.83,0.100000,0.100000,0.000000,0.700000,0.000000
97.0636,1,-59.9020,0.0,883,15.239,0.120,1.83,0.100000,0.100000,0.000000,0.700000,0.000000
97.2875,1,-51.0324,0.0,889,15.239,0.120,1.83,0.100000,0.100000,0.000000,0.700000,0.000000
97.2886,1,-35.0369,0.0,889,15.239,0.120,1.83,0.100000,0.100000,0.000000,0.700000,0.000000
97.5210,1,-33.7577,0.0,879,15.239,0.120,1.83,0.100000,0.100000,0.000000,0.700000,0.000000
97.5219,1,-23.2743,0.0,884,15.239,0.120,1.83,0.100000,0.100000,0.000000,0.700000,0.000000
97.6225,1,-20.4945,0.0,879,15.239,0.120,1.83,0.100000,0.100000,0.000000,0.700000,0.000000
97.6890,1,-39.4507,0.0,881,15.239,0.120,1.83,0.100000,0.100000,0.000000,0.700000,0.000000
97.8771,1,-29.7046,0.0,890,15.239,0.120,1.83,0.100000,0.100000,0.000000,0.700000,0.000000
97.8778,1,-30.6484,0.0,890,15.239,0.120,1.83,0.100000,0.100000,0.000000,0.700000,0.000000
98.0911,1,-43.9015,0.0,891,15.239,0.120,1.83,0.100000,0.100000,0.000000,0.700000,0.000000
98.2166,1,-46.5991,0.0,891,15.239,0.120,1.83,0.100000,0.100000,0.000000,0.700000,0.000000
98.3363,1,-42.6264,0.0,902,15.239,0.120,1.83,0.100000,0.100000,0.000000,0.700000,0.000000
98.3371,1,-52.5766,0.0,900,15.239,0.120,1.83,0.100000,0.100000,0.000000,0.700000,0.000000
98.3891,1,-74.4057,0.0,908,15.239,0.120,1.83,0.100000,0.100000,0.000000,0.700000,0.000000
98.5625,1,-92.0097,0.0,920,15.239,0.120,1.83,0.100000,0.100000,0.000000,0.700000,0.000000
98.5636,1,-106.3554,0.0,933,15.239,0.120,1.83,0.100000,0.100000,0.000000,0.700000,0.000000
98.6864,1,-119.1869,0.0,938,15.239,0.120,1.83,0.100000,0.100000,0.000000,0.700000,0.000000
98.6877,1,-164.3372,0.0,955,15.239,0.120,1.83,0.100000,0.100000,0.000000,0.700000,0.000000
98.9084,1,-206.4467,0.0,967,15.239,0.120,1.83,0.100000,0.100000,0.000000,0.700000,0.000000
98.9096,1,-243.2446,0.0,1012,15.239,0.120,1.83,0.100000,0.100000,0.000000,0.700000,0.000000
99.0212,1,-306.3499,0.0,1029,15.239,0.120,1.83,0.100000,0.100000,0.000000,0.700000,0.000000
99.1854,1,-375.7899,0.0,1083,15.239,0.120,1.83,0.100000,0.100000,0.000000,0.700000,0.000000
99.1860,1,-443.0931,0.0,1100,15.239,0.120,1.83,0.100000,0.100000,0.000000,0.700000,0.000000
99.1874,1,-491.5771,0.0,1100,15.239,0.120,1.83,0.100000,0.100000,0.000000,0.700000,0.000000
99.4290,1,-500.5285,0.0,1100,15.239,0.120,1.83,0.100000,0.100000,0.000000,0.700000,0.000000
99.4303,1,-465.4668,0.0,1100,15.239,0.120,1.83,0.100000,0.100000,0.000000,0.700000,0.000000
99.4309,1,-417.4598,0.0,1100,15.239,0.120,1.83,0.100000,0.100000,0.000000,0.700000,0.000000
99.5554,1,-385.5539,0.0,1100,15.239,0.120,1.83,0.100000,0.100000,0.000000,0.700000,0.000000
99.6745,1,-351.4848,0.0,1100,15.239,0.120,1.83,0.100000,0.100000,0.000000,0.700000,0.000000
99.8343,1,-326.2762,0.0,1100,15.239,0.120,1.83,0.100000,0.100000,0.000000,0.700000,0.000000
99.8351,1,-313.2353,0.0,1100,15.239,0.120,1.83,0.100000,0.100000,0.000000,0.700000,0.000000
100.0702,1,-324.1692,0.0,1100,15.239,0.120,1.83,0.100000,0.100000,0.000000,0.700000,0.000000
100.0710,1,-340.4630,0.0,1100,15.239,0.120,1.83,0.100000,0.100000,0.000000,0.700000,0.000000
100.0717,1,-362.3443,0.0,1100,15.239,0.120,1.83,0.100000,0.100000,0.000000,0.700000,0.000000
100.0726,1,-414.7956,0.0,1100,15.239,0.120,1.83,0.100000,0.100000,0.000000,0.700000,0.000000
100.0732,1,-456.3799,0.0,1100,15.239,0.120,1.83,0.100000,0.100000,0.000000,0.700000,0.000000
100.2994,1,-495.8912,0.0,1100,15.239,0.120,1.83,0.100000,0.100000,0.000000,0.700000,0.000000
100.2997,1,-522.1439,0.0,1100,15.239,0.120,1.83,0.100000,0.100000,0.000000,0.700000,0.000000
100.3005,1,-524.5680,0.0,1100,15.239,0.120,1.83,0.100000,0.100000,0.000000,0.700000,0.000000
100.3010,1,-506.9516,0.0,1100,15.239,0.120,1.83,0.100000,0.100000,0.000000,0.700000,0.000000
100.3558,1,-470.6633,0.0,1100,15.239,0.120,1.83,0.100000,0.100000,0.000000,0.700000,0.000000
100.9231,1,-430.8476,0.0,1100,15.239,0.120,1.83,0.100000,0.100000,0.000000,0.700000,0.000000
100.9239,1,-388.2347,0.0,1100,15.239,0.120,1.83,0.100000,0.100000,0.000000,0.700000,0.000000
100.9247,1,-354.1593,0.0,1100,15.239,0.120,1.83,0.100000,0.100000,0.000000,0.700000,0.000000
100.9251,1,-331.8945,0.0,1100,15.239,0.120,1.83,0.100000,0.100000,0.000000,0.700000,0.000000
100.9253,1,-326.5623,0.0,1100,15.239,0.120,1.83,0.100000,0.100000,0.000000,0.700000,0.000000
100.9255,1,-332.6049,0.0,1100,15.239,0.120,1.83,0.100000,0.100000,0.000000,0.700000,0.000000
100.9256,1,-360.0938,0.0,1100,15.239,0.120,1.83,0.100000,0.100000,0.000000,0.700000,0.000000
100.9258,1,-395.5945,0.0,1100,15.239,0.120,1.83,0.100000,0.100000,0.000000,0.700000,0.000000
100.9260,1,-443.3488,0.0,1100,15.239,0.120,1.83,0.100000,0.100000,0.000000,0.700000,0.000000
100.9262,1,-486.8454,0.0,1100,15.239,0.120,1.83,0.100000,0.100000,0.000000,0.700000,0.000000
100.9263,1,-516.7976,0.0,1100,15.239,0.120,1.83,0.100000,0.100000,0.000000,0.700000,0.000000
101.1069,1,-523.6196,0.0,1100,15.239,0.120,1.83,0.100000,0.100000,0.000000,0.700000,0.000000
101.1076,1,-522.5229,0.0,1100,15.239,0.120,1.83,0.100000,0.100000,0.000000,0.700000,0.000000
101.3358,1,-492.5051,0.0,1100,15.239,0.120,1.83,0.100000,0.100000,0.000000,0.700000,0.000000
101.3367,1,-445.6035,0.0,1100,15.239,0.120,1.83,0.100000,0.100000,0.000000,0.700000,0.000000
101.3373,1,-397.1334,0.0,1100,15.239,0.120,1.83,0.100000,0.100000,0.000000,0.700000,0.000000
101.3381,1,-358.1586,0.0,1100,15.239,0.120,1.83,0.100000,0.100000,0.000000,0.700000,0.000000
101.4583,1,-339.6289,0.0,1100,15.239,0.120,1.83,0.100000,0.100000,0.000000,0.700000,0.000000
101.5694,1,-337.2892,0.0,1100,15.239,0.120,1.83,0.100000,0.100000,0.000000,0.700000,0.000000
101.5708,1,-344.2299,0.0,1100,15.239,0.120,1.83,0.100000,0.100000,0.000000,0.700000,0.000000
101.5716,1,-368.4194,0.0,1100,15.239,0.120,1.83,0.100000,0.100000,0.000000,0.700000,0.000000
101.7154,1,-409.4480,0.0,1100,15.239,0.120,1.83,0.100000,0.100000,0.000000,0.700000,0.000000
102.1147,1,-451.4438,0.0,1100,15.239,0.120,1.83,0.100000,0.100000,0.000000,0.700000,0.000000
102.1153,1,-492.9779,0.0,1100,15.239,0.120,1.83,0.100000,0.100000,0.000000,0.700000,0.000000
102.1155,1,-523.8739,0.0,1100,15.239,0.120,1.83,0.100000,0.100000,0.000000,0.700000,0.000000
102.1160,1,-536.7299,0.0,1100,15.239,0.120,1.83,0.100000,0.100000,0.000000,0.700000,0.000000
102.1166,1,-523.5981,0.0,1100,15.239,0.120,1.83,0.100000,0.100000,0.000000,0.700000,0.000000
102.1172,1,-492.8587,0.0,1100,15.239,0.120,1.83,0.100000,0.100000,0.000000,0.700000,0.000000
102.1178,1,-450.7373,0.0,1100,15.239,0.120,1.83,0.100000,0.100000,0.000000,0.700000,0.000000
102.1181,1,-405.8335,0.0,1100,15.239,0.120,1.83,0.100000,0.100000,0.000000,0.700000,0.000000
102.1184,1,-377.9405,0.0,1100,15.239,0.120,1.83,0.100000,0.100000,0.000000,0.700000,0.000000
102.5149,1,-362.6161,0.0,1100,15.239,0.120,1.83,0.100000,0.100000,0.000000,0.700000,0.000000
102.5156,1,-351.1041,0.0,1100,15.239,0.120,1.83,0.100000,0.100000,0.000000,0.700000,0.000000
102.5160,1,-360.8133,0.0,1100,15.239,0.120,1.83,0.100000,0.100000,0.000000,0.700000,0.000000
102.5175,1,-383.4973,0.0,1100,15.239,0.120,1.83,0.100000,0.100000,0.000000,0.700000,0.000000
102.5182,1,-406.5292,0.0,1100,15.239,0.120,1.83,0.100000,0.100000,0.000000,0.700000,0.000000
102.5184,1,-436.2810,0.0,1100,15.239,0.120,1.83,0.100000,0.100000,0.000000,0.700000,0.000000
102.5185,1,-465.9103,0.0,1100,15.239,0.120,1.83,0.100000,0.100000,0.000000,0.700000,0.000000
102.5187,1,-493.3839,0.0,1100,15.239,0.120,1.83,0.100000,0.100000,0.000000,0.700000,0.000000
102.6236,1,-513.6783,0.0,1100,15.239,0.120,1.83,0.100000,0.100000,0.000000,0.700000,0.000000
102.6244,1,-531.3686,0.0,1100,15.239,0.120,1.83,0.100000,0.100000,0.000000,0.700000,0.000000
102.6255,1,-542.3150,0.0,1100,15.239,0.120,1.83,0.100000,0.100000,0.000000,0.700000,0.000000
102.8548,1,-536.1382,0.0,1100,15.239,0.120,1.83,0.100000,0.100000,0.000000,0.700000,0.000000
102.8555,1,-523.4476,0.0,1100,15.239,0.120,1.83,0.100000,0.100000,0.000000,0.700000,0.000000
102.8563,1,-501.3181,0.0,1100,15.239,0.120,1.83,0.100000,0.100000,0.000000,0.700000,0.000000
102.8569,1,-475.6349,0.0,1100,15.239,0.120,1.83,0.100000,0.100000,0.000000,0.700000,0.000000
102.8574,1,-441.3727,0.0,1100,15.239,0.120,1.83,0.100000,0.100000,0.000000,0.700000,0.000000
102.8579,1,-410.8157,0.0,1100,15.239,0.120,1.83,0.100000,0.100000,0.000000,0.700000,0.000000
103.0914,1,-384.4609,0.0,1100,15.239,0.120,1.83,0.100000,0.100000,0.000000,0.700000,0.000000
103.0921,1,-362.7297,0.0,1100,15.239,0.120,1.83,0.100000,0.100000,0.000000,0.700000,0.000000
103.0928,1,-349.4506,0.0,1100,15.239,0.120,1.83,0.100000,0.100000,0.000000,0.700000,0.000000
103.0934,1,-344.3733,0.0,1100,15.239,0.120,1.83,0.100000,0.100000,0.000000,0.700000,0.000000
103.0939,1,-348.3604,0.0,1100,15.239,0.120,1.83,0.100000,0.100000,0.000000,0.700000,0.000000
103.1600,1,-355.9394,0.0,1100,15.239,0.120,1.83,0.100000,0.100000,0.000000,0.700000,0.000000
103.1607,1,-373.4322,0.0,1100,15.239,0.120,1.83,0.100000,0.100000,0.000000,0.700000,0.000000
103.1613,1,-390.5521,0.0,1100,15.239,0.120,1.83,0.100000,0.100000,0.000000,0.700000,0.000000
103.5184,1,-419.3313,0.0,1100,15.239,0.120,1.83,0.100000,0.100000,0.000000,0.700000,0.000000
103.5190,1,-457.7293,0.0,1100,15.239,0.120,1.83,0.100000,0.100000,0.000000,0.700000,0.000000
103.5195,1,-484.5499,0.0,1100,15.239,0.120,1.83,0.100000,0.100000,0.000000,0.700000,0.000000
103.5204,1,-510.5401,0.0,1100,15.239,0.120,1.83,0.100000,0.100000,0.000000,0.700000,0.000000
103.5206,1,-526.5808,0.0,1100,15.239,0.120,1.83,0.100000,0.100000,0.000000,0.700000,0.000000
103.5207,1,-537.1256,0.0,1100,15.239,0.120,1.83,0.100000,0.100000,0.000000,0.700000,0.000000
103.5652,1,-535.4186,0.0,1100,15.239,0.120,1.83,0.100000,0.100000,0.000000,0.700000,0.000000
103.6448,1,-529.7320,0.0,1100,15.239,0.120,1.83,0.100000,0.100000,0.000000,0.700000,0.000000
103.6455,1,-510.2722,0.0,1100,15.239,0.120,1.83,0.100000,0.100000,0.000000,0.700000,0.000000
103.7931,1,-486.7031,0.0,1100,15.239,0.120,1.83,0.100000,0.100000,0.000000,0.700000,0.000000
103.9877,1,-455.5821,0.0,1100,15.239,0.120,1.83,0.100000,0.100000,0.000000,0.700000,0.000000
103.9884,1,-424.3659,0.0,1100,15.239,0.120,1.83,0.100000,0.100000,0.000000,0.700000,0.000000
103.9892,1,-395.2084,0.0,1100,15.239,0.120,1.83,0.100000,0.100000,0.000000,0.700000,0.000000
103.9896,1,-370.5951,0.0,1100,15.239,0.120,1.83,0.100000,0.100000,0.000000,0.700000,0.000000
103.9902,1,-349.2038,0.0,1100,15.239,0.120,1.83,0.100000,0.100000,0.000000,0.700000,0.000000
104.1095,1,-336.2020,0.0,1100,15.239,0.120,1.83,0.100000,0.100000,0.000000,0.700000,0.000000
104.1103,1,-331.4540,0.0,1100,15.239,0.120,1.83,0.100000,0.100000,0.000000,0.700000,0.000000
104.1756,1,-333.1894,0.0,1100,15.239,0.120,1.83,0.100000,0.100000,0.000000,0.700000,0.000000
104.3349,1,-341.1777,0.0,1100,15.239,0.120,1.83,0.100000,0.100000,0.000000,0.700000,0.000000
104.3356,1,-356.1661,0.0,1100,15.239,0.120,1.83,0.100000,0.100000,0.000000,0.700000,0.000000
104.4500,1,-378.4386,0.0,1100,15.239,0.120,1.83,0.100000,0.100000,0.000000,0.700000,0.000000
104.8805,1,-405.1391,0.0,1100,15.239,0.120,1.83,0.100000,0.100000,0.000000,0.700000,0.000000
104.8810,1,-435.4470,0.0,1100,15.239,0.120,1.83,0.100000,0.100000,0.000000,0.700000,0.000000
104.8814,1,-468.3454,0.0,1100,15.239,0.120,1.83,0.100000,0.100000,0.000000,0.700000,0.000000
104.8820,1,-494.5265,0.0,1100,15.239,0.120,1.83,0.100000,0.100000,0.000000,0.700000,0.000000
104.8823,1,-512.5347,0.0,1100,15.239,0.120,1.83,0.100000,0.100000,0.000000,0.700000,0.000000
104.8826,1,-520.0934,0.0,1100,15.239,0.120,1.83,0.100000,0.100000,0.000000,0.700000,0.000000
104.8830,1,-529.4192,0.0,1100,15.239,0.120,1.83,0.100000,0.100000,0.000000,0.700000,0.000000
104.8840,1,-520.4030,0.0,1100,15.239,0.120,1.83,0.100000,0.100000,0.000000,0.700000,0.000000
104.8843,1,-506.0439,0.0,1100,15.239,0.120,1.83,0.100000,0.100000,0.000000,0.700000,0.000000
104.8846,1,-482.0254,0.0,1100,15.239,0.120,1.83,0.100000,0.100000,0.000000,0.700000,0.000000
105.0231,1,-447.7284,0.0,1100,15.239,0.120,1.83,0.100000,0.100000,0.000000,0.700000,0.000000
105.0242,1,-419.7486,0.0,1100,15.239,0.120,1.83,0.100000,0.100000,0.000000,0.700000,0.000000
105.3554,1,-389.4110,0.0,1100,15.239,0.120,1.83,0.100000,0.100000,0.000000,0.700000,0.000000
105.3561,1,-363.0355,0.0,1100,15.239,0.120,1.83,0.100000,0.100000,0.000000,0.700000,0.000000
105.3566,1,-344.8517,0.0,1100,15.239,0.120,1.83,0.100000,0.100000,0.000000,0.700000,0.000000
105.3574,1,-337.0460,0.0,1100,15.239,0.120,1.83,0.100000,0.100000,0.000000,0.700000,0.000000
105.3580,1,-334.0820,0.0,1100,15.239,0.120,1.83,0.100000,0.100000,0.000000,0.700000,0.000000
105.3581,1,-334.0746,0.0,1100,15.239,0.120,1.83,0.100000,0.100000,0.000000,0.700000,0.000000
105.3583,1,-342.6080,0.0,1100,15.239,0.120,1.83,0.100000,0.100000,0.000000,0.700000,0.000000
105.3585,1,-404.5750,0.0,1100,15.239,0.120,1.83,0.100000,0.100000,0.000000,0.700000,0.000000
105.6050,1,-477.0600,0.0,1100,15.239,0.120,1.83,0.100000,0.100000,0.000000,0.700000,0.000000
105.6056,1,-525.6737,0.0,1100,15.239,0.120,1.83,0.100000,0.100000,0.000000,0.700000,0.000000
105.6064,1,-507.7821,0.0,1100,15.239,0.120,1.83,0.100000,0.100000,0.000000,0.700000,0.000000
105.6068,1,-422.2899,0.0,1100,15.239,0.120,1.83,0.100000,0.100000,0.000000,0.700000,0.000000
105.7922,1,-312.0677,0.0,1100,15.239,0.120,1.83,0.100000,0.100000,0.000000,0.700000,0.000000
105.7931,1,-227.1181,0.0,1100,15.239,0.120,1.83,0.100000,0.100000,0.000000,0.700000,0.000000
105.9511,1,-166.6735,0.0,1100,15.239,0.120,1.83,0.100000,0.100000,0.000000,0.700000,0.000000
105.9521,1,-113.4353,0.0,1100,15.239,0.120,1.83,0.100000,0.100000,0.000000,0.700000,0.000000
106.0665,1,-78.0486,0.0,1079,15.239,0.120,1.83,0.100000,0.100000,0.000000,0.700000,0.000000
106.2767,1,-57.6966,0.0,1059,15.239,0.120,1.83,0.100000,0.100000,0.000000,0.700000,0.000000
106.2776,1,-33.0095,0.0,1043,15.239,0.120,1.83,0.100000,0.100000,0.000000,0.700000,0.000000
106.2785,1,-6.1144,0.0,1031,15.239,0.120,1.83,0.100000,0.100000,0.000000,0.700000,0.000000
106.2792,1,20.2838,0.0,1017,15.239,0.120,1.83,0.100000,0.100000,0.000000,0.700000,0.000000
106.3384,1,60.0827,0.0,1009,15.239,0.120,1.83,0.100000,0.100000,0.000000,0.700000,0.000000
106.5205,1,101.1301,0.0,989,15.239,0.120,1.83,0.100000,0.100000,0.000000,0.700000,0.000000
106.5899,1,144.8881,0.0,963,15.239,0.120,1.83,0.100000,0.100000,0.000000,0.700000,0.000000
106.7673,1,200.9727,0.0,936,15.239,0.120,1.83,0.100000,0.100000,0.000000,0.700000,0.000000
106.8880,1,266.2303,0.0,898,15.239,0.120,1.83,0.100000,0.100000,0.000000,0.700000,0.000000
106.8891,1,327.8678,0.0,856,15.239,0.120,1.83,0.100000,0.100000,0.000000,0.700000,0.000000
107.1034,1,273.3585,0.0,800,15.239,0.120,1.83,0.100000,0.100000,0.000000,0.700000,0.000000
107.1039,1,229.8532,0.0,802,15.239,0.120,1.83,0.100000,0.100000,0.000000,0.700000,0.000000
107.2177,1,163.7194,0.0,814,15.239,0.120,1.83,0.100000,0.100000,0.000000,0.700000,0.000000
107.2830,1,92.1967,0.0,832,15.239,0.120,1.83,0.100000,0.100000,0.000000,0.700000,0.000000
107.4915,1,79.0931,0.0,869,15.239,0.120,1.83,0.100000,0.100000,0.000000,0.700000,0.000000
107.5625,1,126.9360,0.0,881,15.239,0.120,1.83,0.100000,0.100000,0.000000,0.700000,0.000000
107.6779,1,162.7262,0.0,849,15.239,0.120,1.83,0.100000,0.100000,0.000000,0.700000,0.000000
107.6784,1,135.5818,0.0,830,15.239,0.120,1.83,0.100000,0.100000,0.000000,0.700000,0.000000
107.8851,1,66.8691,0.0,823,15.239,0.120,1.83,0.100000,0.100000,0.000000,0.700000,0.000000
107.8855,1,52.6393,0.0,851,15.239,0.120,1.83,0.100000,0.100000,0.000000,0.700000,0.000000
107.8864,1,39.5357,0.0,866,15.239,0.120,1.83,0.100000,0.100000,0.000000,0.700000,0.000000
108.0849,1,8.3601,0.0,868,15.239,0.120,1.83,0.100000,0.100000,0.000000,0.700000,0.000000
108.0864,1,-12.3282,0.0,881,15.239,0.120,1.83,0.100000,0.100000,0.000000,0.700000,0.000000
108.0870,1,-35.5278,0.0,890,15.239,0.120,1.83,0.100000,0.100000,0.000000,0.700000,0.000000
108.2610,1,-58.4186,0.0,908,15.239,0.120,1.83,0.100000,0.100000,0.000000,0.700000,0.000000
108.2618,1,-72.4915,0.0,917,15.239,0.120,1.83,0.100000,0.100000,0.000000,0.700000,0.000000
108.3871,1,-86.8699,0.0,931,15.239,0.120,1.83,0.100000,0.100000,0.000000,0.700000,0.000000
108.4955,1,-87.6651,0.0,940,15.239,0.120,1.83,0.100000,0.100000,0.000000,0.700000,0.000000
108.4965,1,-77.1259,0.0,950,15.239,0.120,1.83,0.100000,0.100000,0.000000,0.700000,0.000000
108.6094,1,-73.1395,0.0,950,15.239,0.120,1.83,0.100000,0.100000,0.000000,0.700000,0.000000
108.7202,1,-55.6610,0.0,949,15.239,0.120,1.83,0.100000,0.100000,0.000000,0.700000,0.000000
108.7208,1,-48.3761,0.0,946,15.239,0.120,1.83,0.100000,0.100000,0.000000,0.700000,0.000000
108.7214,1,-37.8920,0.0,940,15.239,0.120,1.83,0.100000,0.100000,0.000000,0.700000,0.000000
108.9704,1,-20.5640,0.0,935,15.239,0.120,1.83,0.100000,0.100000,0.000000,0.700000,0.000000
108.9712,1,-6.8211,0.0,928,15.239,0.120,1.83,0.100000,0.100000,0.000000,0.700000,0.000000
108.9724,1,7.9447,0.0,921,15.239,0.120,1.83,0.100000,0.100000,0.000000,0.700000,0.000000
108.9732,1,11.4473,0.0,913,15.239,0.120,1.83,0.100000,0.100000,0.000000,0.700000,0.000000
109.1102,1,16.9406,0.0,911,15.239,0.120,1.83,0.100000,0.100000,0.000000,0.700000,0.000000
109.5654,1,26.8152,0.0,909,15.239,0.120,1.83,0.100000,0.100000,0.000000,0.700000,0.000000
109.5659,1,24.5597,0.0,904,15.239,0.120,1.83,0.100000,0.100000,0.000000,0.700000,0.000000
109.5667,1,24.0909,0.0,900,15.239,0.120,1.83,0.100000,0.100000,0.000000,0.700000,0.000000
109.5673,1,26.4492,0.0,900,15.239,0.120,1.83,0.100000,0.100000,0.000000,0.700000,0.000000
109.5680,1,23.7190,0.0,901,15.239,0.120,1.83,0.100000,0.100000,0.000000,0.700000,0.000000
109.5682,1,25.4233,0.0,900,15.239,0.120,1.83,0.100000,0.100000,0.000000,0.700000,0.000000
109.5684,1,20.0366,0.0,897,15.239,0.120,1.83,0.100000,0.100000,0.000000,0.700000,0.000000
109.5685,1,22.3042,0.0,898,15.239,0.120,1.83,0.100000,0.100000,0.000000,0.700000,0.000000
109.5686,1,16.4256,0.0,899,15.239,0.120,1.83,0.100000,0.100000,0.000000,0.700000,0.000000
109.5687,1,14.8739,0.0,899,15.239,0.120,1.83,0.100000,0.100000,0.000000,0.700000,0.000000
109.5688,1,15.2387,0.0,899,15.239,0.120,1.83,0.100000,0.100000,0.000000,0.700000,0.000000
109.5987,1,3.7421,0.0,900,15.239,0.120,1.83,0.100000,0.100000,0.000000,0.700000,0.000000
109.8792,1,1.9269,0.0,901,15.239,0.120,1.83,0.100000,0.100000,0.000000,0.700000,0.000000
109.8798,1,-1.5029,0.0,901,15.239,0.120,1.83,0.100000,0.100000,0.000000,0.700000,0.000000
109.8803,1,-4.9029,0.0,906,15.239,0.120,1.83,0.100000,0.100000,0.000000,0.700000,0.000000
109.8807,1,-11.0178,0.0,909,15.239,0.120,1.83,0.100000,0.100000,0.000000,0.700000,0.000000
110.3620,1,-15.3057,0.0,912,15.239,0.120,1.83,0.100000,0.100000,0.000000,0.700000,0.000000
110.3626,1,-18.0469,0.0,915,15.239,0.120,1.83,0.100000,0.100000,0.000000,0.700000,0.000000
110.3634,1,-26.1424,0.0,915,15.239,0.120,1.83,0.100000,0.100000,0.000000,0.700000,0.000000
110.3640,1,-35.8617,0.0,918,15.239,0.120,1.83,0.100000,0.100000,0.000000,0.700000,0.000000
110.3645,1,-31.4093,0.0,919,15.239,0.120,1.83,0.100000,0.100000,0.000000,0.700000,0.000000
110.3650,1,-33.2596,0.0,925,15.239,0.120,1.83,0.100000,0.100000,0.000000,0.700000,0.000000
110.3653,1,-35.5801,0.0,925,15.239,0.120,1.83,0.100000,0.100000,0.000000,0.700000,0.000000
110.3658,1,-43.8092,0.0,927,15.239,0.120,1.83,0.100000,0.100000,0.000000,0.700000,0.000000
110.3662,1,-45.9106,0.0,934,15.239,0.120,1.83,0.100000,0.100000,0.000000,0.700000,0.000000
110.3664,1,-44.2948,0.0,936,15.239,0.120,1.83,0.100000,0.100000,0.000000,0.700000,0.000000
110.3666,1,-45.0629,0.0,936,15.239,0.120,1.83,0.100000,0.100000,0.000000,0.700000,0.000000
110.5290,1,-42.2042,0.0,937,15.239,0.120,1.83,0.100000,0.100000,0.000000,0.700000,0.000000
110.5296,1,-39.0634,0.0,939,15.239,0.120,1.83,0.100000,0.100000,0.000000,0.700000,0.000000
110.5301,1,-37.2128,0.0,938,15.239,0.120,1.83,0.100000,0.100000,0.000000,0.700000,0.000000
110.5310,1,-32.2999,0.0,938,15.239,0.120,1.83,0.100000,0.100000,0.000000,0.700000,0.000000
110.5315,1,-31.8055,0.0,937,15.239,0.120,1.83,0.100000,0.100000,0.000000,0.700000,0.000000
110.5662,1,-28.7009,0.0,935,15.239,0.120,1.83,0.100000,0.100000,0.000000,0.700000,0.000000
110.8107,1,-18.9557,0.0,934,15.239,0.120,1.83,0.100000,0.100000,0.000000,0.700000,0.000000
110.8112,1,-16.2520,0.0,934,15.239,0.120,1.83,0.100000,0.100000,0.000000,0.700000,0.000000
110.8116,1,-17.9639,0.0,930,15.239,0.120,1.83,0.100000,0.100000,0.000000,0.700000,0.000000
110.8124,1,-19.7494,0.0,933,15.239,0.120,1.83,0.100000,0.100000,0.000000,0.700000,0.000000
110.8129,1,-18.5244,0.0,932,15.239,0.120,1.83,0.100000,0.100000,0.000000,0.700000,0.000000
110.8735,1,-11.7648,0.0,930,15.239,0.120,1.83,0.100000,0.100000,0.000000,0.700000,0.000000
111.0249,1,-2.2424,0.0,930,15.239,0.120,1.83,0.100000,0.100000,0.000000,0.700000,0.000000
111.0257,1,-2.3326,0.0,927,15.239,0.120,1.83,0.100000,0.100000,0.000000,0.700000,0.000000
111.1521,1,4.6733,0.0,923,15.239,0.120,1.83,0.100000,0.100000,0.000000,0.700000,0.000000
111.2197,1,10.5000,0.0,919,15.239,0.120,1.83,0.100000,0.100000,0.000000,0.700000,0.000000
111.6188,1,16.8889,0.0,919,15.239,0.120,1.83,0.100000,0.100000,0.000000,0.700000,0.000000
111.6193,1,17.9039,0.0,916,15.239,0.120,1.83,0.100000,0.100000,0.000000,0.700000,0.000000
111.6202,1,21.8584,0.0,912,15.239,0.120,1.83,0.100000,0.100000,0.000000,0.700000,0.000000
111.6208,1,25.8051,0.0,909,15.239,0.120,1.83,0.100000,0.100000,0.000000,0.700000,0.000000
111.6211,1,33.8036,0.0,909,15.239,0.120,1.83,0.100000,0.100000,0.000000,0.700000,0.000000
111.6212,1,32.3554,0.0,907,15.239,0.120,1.83,0.100000,0.100000,0.000000,0.700000,0.000000
111.6213,1,30.8419,0.0,903,15.239,0.120,1.83,0.100000,0.100000,0.000000,0.700000,0.000000
111.6214,1,23.0882,0.0,908,15.239,0.120,1.83,0.100000,0.100000,0.000000,0.700000,0.000000
111.6701,1,19.8725,0.0,908,15.239,0.120,1.83,0.100000,0.100000,0.000000,0.700000,0.000000
111.9652,1,20.1273,0.0,904,15.239,0.120,1.83,0.100000,0.100000,0.000000,0.700000,0.000000
111.9662,1,22.9665,0.0,906,15.239,0.120,1.83,0.100000,0.100000,0.000000,0.700000,0.000000
111.9677,1,17.7534,0.0,905,15.239,0.120,1.83,0.100000,0.100000,0.000000,0.700000,0.000000
111.9682,1,15.3844,0.0,906,15.239,0.120,1.83,0.100000,0.100000,0.000000,0.700000,0.000000
111.9686,1,7.1242,0.0,906,15.239,0.120,1.83,0.100000,0.100000,0.000000,0.700000,0.000000
112.1958,1,5.6128,0.0,909,15.239,0.120,1.83,0.100000,0.100000,0.000000,0.700000,0.000000
112.1966,1,3.7455,0.0,911,15.239,0.120,1.83,0.100000,0.100000,0.000000,0.700000,0.000000
112.1972,1,1.8115,0.0,914,15.239,0.120,1.83,0.100000,0.100000,0.000000,0.700000,0.000000
112.1980,1,2.4140,0.0,914,15.239,0.120,1.83,0.100000,0.100000,0.000000,0.700000,0.000000
112.1985,1,3.0602,0.0,914,15.239,0.120,1.83,0.100000,0.100000,0.000000,0.700000,0.000000
112.1990,1,0.6322,0.0,914,15.239,0.120,1.83,0.100000,0.100000,0.000000,0.700000,0.000000
112.4243,1,-10.9538,0.0,917,15.239,0.120,1.83,0.100000,0.100000,0.000000,0.700000,0.000000
112.4249,1,-14.5176,0.0,917,15.239,0.120,1.83,0.100000,0.100000,0.000000,0.700000,0.000000
112.4254,1,-24.8927,0.0,920,15.239,0.120,1.83,0.100000,0.100000,0.000000,0.700000,0.000000
112.4262,1,-30.0905,0.0,927,15.239,0.120,1.83,0.100000,0.100000,0.000000,0.700000,0.000000
112.4268,1,-30.5378,0.0,930,15.239,0.120,1.83,0.100000,0.100000,0.000000,0.700000,0.000000
112.4885,1,-39.2346,0.0,930,15.239,0.120,1.83,0.100000,0.100000,0.000000,0.700000,0.000000
112.6396,1,-39.8928,0.0,933,15.239,0.120,1.83,0.100000,0.100000,0.000000,0.700000,0.000000
112.7200,1,-53.5966,0.0,939,15.239,0.120,1.83,0.100000,0.100000,0.000000,0.700000,0.000000
112.8823,1,-49.5089,0.0,945,15.239,0.120,1.83,0.100000,0.100000,0.000000,0.700000,0.000000
112.8830,1,-50.5592,0.0,949,15.239,0.120,1.83,0.100000,0.100000,0.000000,0.700000,0.000000
113.0693,1,-41.7796,0.0,950,15.239,0.120,1.83,0.100000,0.100000,0.000000,0.700000,0.000000
113.0701,1,-24.9022,0.0,950,15.239,0.120,1.83,0.100000,0.100000,0.000000,0.700000,0.000000
113.0712,1,-21.3646,0.0,947,15.239,0.120,1.83,0.100000,0.100000,0.000000,0.700000,0.000000
113.1809,1,-1.1002,0.0,941,15.239,0.120,1.83,0.100000,0.100000,0.000000,0.700000,0.000000
113.6653,1,5.4028,0.0,938,15.239,0.120,1.83,0.100000,0.100000,0.000000,0.700000,0.000000
113.6662,1,11.1643,0.0,930,15.239,0.120,1.83,0.100000,0.100000,0.000000,0.700000,0.000000
113.6668,1,24.2802,0.0,925,15.239,0.120,1.83,0.100000,0.100000,0.000000,0.700000,0.000000
113.6678,1,24.7121,0.0,918,15.239,0.120,1.83,0.100000,0.100000,0.000000,0.700000,0.000000
113.6679,1,24.1607,0.0,918,15.239,0.120,1.83,0.100000,0.100000,0.000000,0.700000,0.000000
113.6682,1,34.1757,0.0,913,15.239,0.120,1.83,0.100000,0.100000,0.000000,0.700000,0.000000
113.6683,1,20.0930,0.0,908,15.239,0.120,1.83,0.100000,0.100000,0.000000,0.700000,0.000000
113.6684,1,8.6006,0.0,911,15.239,0.120,1.83,0.100000,0.100000,0.000000,0.700000,0.000000
113.8530,1,0.9715,0.0,915,15.239,0.120,1.83,0.100000,0.100000,0.000000,0.700000,0.000000
114.0077,1,-15.3294,0.0,918,15.239,0.120,1.83,0.100000,0.100000,0.000000,0.700000,0.000000
114.2463,1,-43.4875,0.0,927,15.239,0.120,1.83,0.100000,0.100000,0.000000,0.700000,0.000000
114.3199,1,-50.6071,0.0,942,15.239,0.120,1.83,0.100000,0.100000,0.000000,0.700000,0.000000
114.4751,1,-66.8862,0.0,952,15.239,0.120,1.83,0.100000,0.100000,0.000000,0.700000,0.000000
114.7283,1,-64.6475,0.0,966,15.239,0.120,1.83,0.100000,0.100000,0.000000,0.700000,0.000000
114.7294,1,-44.6859,0.0,970,15.239,0.120,1.83,0.100000,0.100000,0.000000,0.700000,0.000000
114.9427,1,-39.1504,0.0,963,15.239,0.120,1.83,0.100000,0.100000,0.000000,0.700000,0.000000
115.0109,1,-29.6347,0.0,959,15.239,0.120,1.83,0.100000,0.100000,0.000000,0.700000,0.000000
115.1903,1,-10.4999,0.0,961,15.239,0.120,1.83,0.100000,0.100000,0.000000,0.700000,0.000000
115.4752,1,15.2357,0.0,951,15.239,0.120,1.83,0.100000,0.100000,0.000000,0.700000,0.000000
115.4764,1,39.0466,0.0,941,15.239,0.120,1.83,0.100000,0.100000,0.000000,0.700000,0.000000
115.5938,1,35.3220,0.0,924,15.239,0.120,1.83,0.100000,0.100000,0.000000,0.700000,0.000000
115.7590,1,49.8705,0.0,928,15.239,0.120,1.83,0.100000,0.100000,0.000000,0.700000,0.000000
115.7604,1,46.6370,0.0,917,15.239,0.120,1.83,0.100000,0.100000,0.000000,0.700000,0.000000
115.9723,1,29.3550,0.0,914,15.239,0.120,1.83,0.100000,0.100000,0.000000,0.700000,0.000000
116.0880,1,27.4150,0.0,916,15.239,0.120,1.83,0.100000,0.100000,0.000000,0.700000,0.000000
116.1612,1,21.5689,0.0,917,15.239,0.120,1.83,0.100000,0.100000,0.000000,0.700000,0.000000
116.3387,1,0.0415,0.0,921,15.239,0.120,1.83,0.100000,0.100000,0.000000,0.700000,0.000000
116.4304,1,-18.4377,0.0,931,15.239,0.120,1.83,0.100000,0.100000,0.000000,0.700000,0.000000
116.5848,1,-14.6457,0.0,940,15.239,0.120,1.83,0.100000,0.100000,0.000000,0.700000,0.000000
116.5853,1,-8.9450,0.0,938,15.239,0.120,1.83,0.100000,0.100000,0.000000,0.700000,0.000000
116.8005,1,-29.9688,0.0,937,15.239,0.120,1.83,0.100000,0.100000,0.000000,0.700000,0.000000
116.8010,1,-18.9336,0.0,945,15.239,0.120,1.83,0.100000,0.100000,0.000000,0.700000,0.000000
117.0833,1,-31.7119,0.0,948,15.239,0.120,1.83,0.100000,0.100000,0.000000,0.700000,0.000000
117.0843,1,-28.8059,0.0,944,15.239,0.120,1.83,0.100000,0.100000,0.000000,0.700000,0.000000
117.0851,1,-22.3009,0.0,952,15.239,0.120,1.83,0.100000,0.100000,0.000000,0.700000,0.000000
117.3059,1,-13.0395,0.0,948,15.239,0.120,1.83,0.100000,0.100000,0.000000,0.700000,0.000000
117.3076,1,-1.7932,0.0,948,15.239,0.120,1.83,0.100000,0.100000,0.000000,0.700000,0.000000
117.4981,1,13.9001,0.0,941,15.239,0.120,1.83,0.100000,0.100000,0.000000,0.700000,0.000000
117.4987,1,19.7951,0.0,934,15.239,0.120,1.83,0.100000,0.100000,0.000000,0.700000,0.000000
117.6350,1,12.2735,0.0,926,15.239,0.120,1.83,0.100000,0.100000,0.000000,0.700000,0.000000
117.6357,1,9.6978,0.0,931,15.239,0.120,1.83,0.100000,0.100000,0.000000,0.700000,0.000000
117.7075,1,10.8953,0.0,929,15.239,0.120,1.83,0.100000,0.100000,0.000000,0.700000,0.000000
117.7802,1,19.2712,0.0,929,15.239,0.120,1.83,0.100000,0.100000,0.000000,0.700000,0.000000
117.9591,1,23.3957,0.0,926,15.239,0.120,1.83,0.100000,0.100000,0.000000,0.700000,0.000000
117.9598,1,16.0290,0.0,924,15.239,0.120,1.83,0.100000,0.100000,0.000000,0.700000,0.000000
118.1678,1,14.9945,0.0,927,15.239,0.120,1.83,0.100000,0.100000,0.000000,0.700000,0.000000
118.1684,1,3.8133,0.0,928,15.239,0.120,1.83,0.100000,0.100000,0.000000,0.700000,0.000000
118.1692,1,-5.4546,0.0,931,15.239,0.120,1.83,0.100000,0.100000,0.000000,0.700000,0.000000
118.2494,1,-22.6625,0.0,937,15.239,0.120,1.83,0.100000,0.100000,0.000000,0.700000,0.000000
118.4148,1,-18.1724,0.0,937,15.239,0.120,1.83,0.100000,0.100000,0.000000,0.700000,0.000000
118.5408,1,-15.8242,0.0,947,15.239,0.120,1.83,0.100000,0.100000,0.000000,0.700000,0.000000
118.7181,1,-19.5531,0.0,943,15.239,0.120,1.83,0.100000,0.100000,0.000000,0.700000,0.000000
118.7188,1,-12.6663,0.0,947,15.239,0.120,1.83,0.100000,0.100000,0.000000,0.700000,0.000000
118.7196,1,-21.1261,0.0,947,15.239,0.120,1.83,0.100000,0.100000,0.000000,0.700000,0.000000
118.7202,1,-15.6582,0.0,944,15.239,0.120,1.83,0.100000,0.100000,0.000000,0.700000,0.000000
118.8874,1,-0.9628,0.0,951,15.239,0.120,1.83,0.100000,0.100000,0.000000,0.700000,0.000000
118.8879,1,-9.9979,0.0,941,15.239,0.120,1.83,0.100000,0.100000,0.000000,0.700000,0.000000
118.9611,1,-2.8103,0.0,940,15.239,0.120,1.83,0.100000,0.100000,0.000000,0.700000,0.000000
119.0512,1,-5.3032,0.0,942,15.239,0.120,1.83,0.100000,0.100000,0.000000,0.700000,0.000000
119.2309,1,-3.8128,0.0,943,15.239,0.120,1.83,0.100000,0.100000,0.000000,0.700000,0.000000
119.2315,1,4.6534,0.0,943,15.239,0.120,1.83,0.100000,0.100000,0.000000,0.700000,0.000000
119.4209,1,-3.0156,0.0,940,15.239,0.120,1.83,0.100000,0.100000,0.000000,0.700000,0.000000
119.4219,1,-0.8844,0.0,938,15.239,0.120,1.83,0.100000,0.100000,0.000000,0.700000,0.000000
119.5805,1,2.0611,0.0,941,15.239,0.120,1.83,0.100000,0.100000,0.000000,0.700000,0.000000
119.5812,1,-3.6256,0.0,935,15.239,0.120,1.83,0.100000,0.100000,0.000000,0.700000,0.000000
119.5818,1,5.4653,0.0,945,15.239,0.120,1.83,0.100000,0.100000,0.000000,0.700000,0.000000
119.7714,1,6.8570,0.0,940,15.239,0.120,1.83,0.100000,0.100000,0.000000,0.700000,0.000000
119.7720,1,-5.5265,0.0,934,15.239,0.120,1.83,0.100000,0.100000,0.000000,0.700000,0.000000
119.7727,1,2.3393,0.0,937,15.239,0.120,1.83,0.100000,0.100000,0.000000,0.700000,0.000000
119.8820,1,9.1564,0.0,939,15.239,0.120,1.83,0.100000,0.100000,0.000000,0.700000,0.000000
120.0423,1,0.6232,0.0,932,15.239,0.120,1.83,0.100000,0.100000,0.000000,0.700000,0.000000
120.0430,1,7.6269,0.0,937,15.239,0.120,1.83,0.100000,0.100000,0.000000,0.700000,0.000000
120.1450,1,12.8921,0.0,938,15.239,0.120,1.83,0.100000,0.100000,0.000000,0.700000,0.000000
120.1914,1,21.1776,0.0,934,15.239,0.120,1.83,0.100000,0.100000,0.000000,0.700000,0.000000
120.2622,1,20.5713,0.0,935,15.239,0.120,1.83,0.100000,0.100000,0.000000,0.700000,0.000000
120.8683,1,32.3985,0.0,927,15.239,0.120,1.83,0.100000,0.100000,0.000000,0.700000,0.000000
120.8689,1,28.2014,0.0,926,15.239,0.120,1.83,0.100000,0.100000,0.000000,0.700000,0.000000
120.8697,1,22.7223,0.0,917,15.239,0.120,1.83,0.100000,0.100000,0.000000,0.700000,0.000000
120.8704,1,28.5498,0.0,925,15.239,0.120,1.83,0.100000,0.100000,0.000000,0.700000,0.000000
120.8710,1,32.4648,0.0,922,15.239,0.120,1.83,0.100000,0.100000,0.000000,0.700000,0.000000
120.8711,1,25.9096,0.0,919,15.239,0.120,1.83,0.100000,0.100000,0.000000,0.700000,0.000000
120.8714,1,25.1210,0.0,918,15.239,0.120,1.83,0.100000,0.100000,0.000000,0.700000,0.000000
120.8715,1,18.4261,0.0,919,15.239,0.120,1.83,0.100000,0.100000,0.000000,0.700000,0.000000
120.8716,1,-2.0861,0.0,919,15.239,0.120,1.83,0.100000,0.100000,0.000000,0.700000,0.000000
120.8717,1,-0.0913,0.0,930,15.239,0.120,1.83,0.100000,0.100000,0.000000,0.700000,0.000000
120.8718,1,-5.0719,0.0,932,15.239,0.120,1.83,0.100000,0.100000,0.000000,0.700000,0.000000
120.8719,1,-7.2141,0.0,930,15.239,0.120,1.83,0.100000,0.100000,0.000000,0.700000,0.000000
120.8721,1,-17.3832,0.0,933,15.239,0.120,1.83,0.100000,0.100000,0.000000,0.700000,0.000000
120.8913,1,-18.5562,0.0,941,15.239,0.120,1.83,0.100000,0.100000,0.000000,0.700000,0.000000
121.1149,1,-23.9466,0.0,939,15.239,0.120,1.83,0.100000,0.100000,0.000000,0.700000,0.000000
121.6104,1,-33.4058,0.0,942,15.239,0.120,1.83,0.100000,0.100000,0.000000,0.700000,0.000000
121.6112,1,-29.7776,0.0,953,15.239,0.120,1.83,0.100000,0.100000,0.000000,0.700000,0.000000
121.6117,1,-19.2617,0.0,951,15.239,0.120,1.83,0.100000,0.100000,0.000000,0.700000,0.000000
121.6124,1,-28.5635,0.0,948,15.239,0.120,1.83,0.100000,0.100000,0.000000,0.700000,0.000000
121.6129,1,-18.9803,0.0,948,15.239,0.120,1.83,0.100000,0.100000,0.000000,0.700000,0.000000
121.6135,1,-8.9447,0.0,950,15.239,0.120,1.83,0.100000,0.100000,0.000000,0.700000,0.000000
121.6139,1,-19.1897,0.0,947,15.239,0.120,1.83,0.100000,0.100000,0.000000,0.700000,0.000000
121.6140,1,-28.6655,0.0,942,15.239,0.120,1.83,0.100000,0.100000,0.000000,0.700000,0.000000
121.6141,1,-25.9294,0.0,950,15.239,0.120,1.83,0.100000,0.100000,0.000000,0.700000,0.000000
121.6143,1,-20.9503,0.0,951,15.239,0.120,1.83,0.100000,0.100000,0.000000,0.700000,0.000000
121.6144,1,-15.6545,0.0,951,15.239,0.120,1.83,0.100000,0.100000,0.000000,0.700000,0.000000
121.6146,1,-13.8521,0.0,950,15.239,0.120,1.83,0.100000,0.100000,0.000000,0.700000,0.000000
121.8942,1,-18.9299,0.0,950,15.239,0.120,1.83,0.100000,0.100000,0.000000,0.700000,0.000000
121.8948,1,-20.6764,0.0,948,15.239,0.120,1.83,0.100000,0.100000,0.000000,0.700000,0.000000
121.8951,1,-12.7734,0.0,948,15.239,0.120,1.83,0.100000,0.100000,0.000000,0.700000,0.000000
121.8957,1,-7.4328,0.0,949,15.239,0.120,1.83,0.100000,0.100000,0.000000,0.700000,0.000000
121.8963,1,2.3401,0.0,947,15.239,0.120,1.83,0.100000,0.100000,0.000000,0.700000,0.000000
121.8967,1,4.8773,0.0,942,15.239,0.120,1.83,0.100000,0.100000,0.000000,0.700000,0.000000
121.9225,1,11.6161,0.0,938,15.239,0.120,1.83,0.100000,0.100000,0.000000,0.700000,0.000000
122.0032,1,18.6263,0.0,938,15.239,0.120,1.83,0.100000,0.100000,0.000000,0.700000,0.000000
122.0038,1,17.1882,0.0,934,15.239,0.120,1.83,0.100000,0.100000,0.000000,0.700000,0.000000
122.1160,1,8.9087,0.0,926,15.239,0.120,1.83,0.100000,0.100000,0.000000,0.700000,0.000000
122.1167,1,3.9334,0.0,933,15.239,0.120,1.83,0.100000,0.100000,0.000000,0.700000,0.000000
122.2281,1,11.7938,0.0,933,15.239,0.120,1.83,0.100000,0.100000,0.000000,0.700000,0.000000
122.4325,1,20.0094,0.0,937,15.239,0.120,1.83,0.100000,0.100000,0.000000,0.700000,0.000000
122.4332,1,27.0029,0.0,931,15.239,0.120,1.83,0.100000,0.100000,0.000000,0.700000,0.000000
122.4338,1,21.3641,0.0,927,15.239,0.120,1.83,0.100000,0.100000,0.000000,0.700000,0.000000
122.4347,1,18.5599,0.0,927,15.239,0.120,1.83,0.100000,0.100000,0.000000,0.700000,0.000000
122.4353,1,24.0441,0.0,927,15.239,0.120,1.83,0.100000,0.100000,0.000000,0.700000,0.000000
122.5866,1,29.0876,0.0,925,15.239,0.120,1.83,0.100000,0.100000,0.000000,0.700000,0.000000
122.6179,1,19.3849,0.0,923,15.239,0.120,1.83,0.100000,0.100000,0.000000,0.700000,0.000000
122.7003,1,24.6746,0.0,923,15.239,0.120,1.83,0.100000,0.100000,0.000000,0.700000,0.000000
122.7009,1,21.1945,0.0,926,15.239,0.120,1.83,0.100000,0.100000,0.000000,0.700000,0.000000
122.8032,1,25.8014,0.0,921,15.239,0.120,1.83,0.100000,0.100000,0.000000,0.700000,0.000000
122.8040,1,27.2297,0.0,924,15.239,0.120,1.83,0.100000,0.100000,0.000000,0.700000,0.000000
122.9316,1,29.5008,0.0,924,15.239,0.120,1.83,0.100000,0.100000,0.000000,0.700000,0.000000
122.9629,1,23.8457,0.0,920,15.239,0.120,1.83,0.100000,0.100000,0.000000,0.700000,0.000000
123.2930,1,13.2354,0.0,920,15.239,0.120,1.83,0.100000,0.100000,0.000000,0.700000,0.000000
123.2937,1,18.8903,0.0,927,15.239,0.120,1.83,0.100000,0.100000,0.000000,0.700000,0.000000
123.2946,1,8.4000,0.0,925,15.239,0.120,1.83,0.100000,0.100000,0.000000,0.700000,0.000000
123.2953,1,2.6146,0.0,923,15.239,0.120,1.83,0.100000,0.100000,0.000000,0.700000,0.000000
123.2960,1,5.8739,0.0,930,15.239,0.120,1.83,0.100000,0.100000,0.000000,0.700000,0.000000
123.3862,1,3.2785,0.0,930,15.239,0.120,1.83,0.100000,0.100000,0.000000,0.700000,0.000000
123.4549,1,-14.7384,0.0,928,15.239,0.120,1.83,0.100000,0.100000,0.000000,0.700000,0.000000
123.5031,1,-12.8903,0.0,933,15.239,0.120,1.83,0.100000,0.100000,0.000000,0.700000,0.000000
123.5038,1,-20.3193,0.0,940,15.239,0.120,1.83,0.100000,0.100000,0.000000,0.700000,0.000000
123.6284,1,-21.6100,0.0,938,15.239,0.120,1.83,0.100000,0.100000,0.000000,0.700000,0.000000
123.6292,1,-29.1692,0.0,941,15.239,0.120,1.83,0.100000,0.100000,0.000000,0.700000,0.000000
123.9251,1,-26.2625,0.0,951,15.239,0.120,1.83,0.100000,0.100000,0.000000,0.700000,0.000000
123.9256,1,-20.6990,0.0,950,15.239,0.120,1.83,0.100000,0.100000,0.000000,0.700000,0.000000
123.9265,1,-25.8933,0.0,947,15.239,0.120,1.83,0.100000,0.100000,0.000000,0.700000,0.000000
123.9269,1,-17.8998,0.0,951,15.239,0.120,1.83,0.100000,0.100000,0.000000,0.700000,0.000000
123.9274,1,-25.5957,0.0,949,15.239,0.120,1.83,0.100000,0.100000,0.000000,0.700000,0.000000
123.9282,1,-29.1368,0.0,944,15.239,0.120,1.83,0.100000,0.100000,0.000000,0.700000,0.000000
124.0373,1,-18.5408,0.0,952,15.239,0.120,1.83,0.100000,0.100000,0.000000,0.700000,0.000000
124.1899,1,-3.6667,0.0,948,15.239,0.120,1.83,0.100000,0.100000,0.000000,0.700000,0.000000
124.3028,1,-11.2085,0.0,944,15.239,0.120,1.83,0.100000,0.100000,0.000000,0.700000,0.000000
124.3510,1,2.4458,0.0,949,15.239,0.120,1.83,0.100000,0.100000,0.000000,0.700000,0.000000
124.4211,1,14.9825,0.0,939,15.239,0.120,1.83,0.100000,0.100000,0.000000,0.700000,0.000000
124.5016,1,16.9597,0.0,933,15.239,0.120,1.83,0.100000,0.100000,0.000000,0.700000,0.000000
124.6522,1,37.7545,0.0,929,15.239,0.120,1.83,0.100000,0.100000,0.000000,0.700000,0.000000
124.6529,1,29.0631,0.0,922,15.239,0.120,1.83,0.100000,0.100000,0.000000,0.700000,0.000000
124.8350,1,13.8024,0.0,920,15.239,0.120,1.83,0.100000,0.100000,0.000000,0.700000,0.000000
124.9634,1,13.9088,0.0,924,15.239,0.120,1.83,0.100000,0.100000,0.000000,0.700000,0.000000
