{
  "pos": [
    13.888125514733295,
    47.512413537446115,
    -7.115522005396421
  ],
  "vel": [
    -0.0039017704579814255,
    0.0007097645873284392,
    -0.002918183780401738
  ],
  "body_z": [
    0.2755433969317654,
    0.8778080695616922,
    -0.39182755061337743
  ],
  "omega_spin": 19.349305545539032,
  "rest_length": 49.97391638453746,
  "coll_eq_rad": -0.28,
  "home_z_ned": 0.0
}