{
  "pos": [
    46.258287084694764,
    14.240760996063164,
    12.529925890069826
  ],
  "vel": [
    -0.2569438709528265,
    0.9164786896653914,
    -0.09275763435329308
  ],
  "body_z": [
    0.851017755626038,
    0.3054229580294945,
    0.42718332869827025
  ],
  "omega_spin": 20.147482023257286,
  "rest_length": 49.94033445071826
}