{
  "pos": [
    29.684961050307855,
    87.40642293007754,
    -38.11851057777695
  ],
  "vel": [
    0.0086730252977527,
    -0.002877021589670185,
    0.0001635831488577177
  ],
  "R0": [
    [
      -0.4672091200287687,
      0.8358619962386057,
      0.28818459605946556
    ],
    [
      0.602759090355041,
      0.06266045232812337,
      0.7954590792167746
    ],
    [
      0.6468362367371726,
      0.5453516213949017,
      -0.5330989513079578
    ]
  ],
  "R0_kinematic": [
    [
      -0.3782777066648646,
      0.8796906360956753,
      0.28818459605946556
    ],
    [
      0.6060073046520155,
      0.0,
      0.7954590792167746
    ],
    [
      0.6997579033842847,
      0.4755464065320929,
      -0.5330989513079578
    ]
  ],
  "R0_orbit": [
    [
      -0.7347422252191786,
      0.6012555865495414,
      0.31407894250162144
    ],
    [
      0.3930621137260797,
      0.0,
      0.919511922028848
    ],
    [
      0.5528616800187511,
      0.7990567687235788,
      -0.23633079173877683
    ]
  ],
  "orbit_bz": [
    0.31407894250162144,
    0.919511922028848,
    -0.23633079173877683
  ],
  "omega_spin": 21.8366173284759,
  "rest_length": 99.76385929890827,
  "coll_eq_rad": -0.23954934528693514,
  "tension_eq_n": 300.06812216724705,
  "stack_coll_eq": -0.23954934528693514,
  "home_z_ned": 0.0,
  "eq_physics": {
    "mass_kg": 5.0,
    "wind_ned": [
      0.0,
      10.0,
      0.0
    ],
    "collective_rad": -0.18000000000000002,
    "tilt_lon": 0.0,
    "tilt_lat": 0.0,
    "omega_spin": 21.8366173284759,
    "note": "Forces evaluated at STACK_COLL from warmup-settled position. Perpendicular residual (gravity_perp ~48 N) balanced by Lua cyclic in flight.",
    "aero_fx": 159.4781752335496,
    "aero_fy": 471.1825763955537,
    "aero_fz": -304.53363230249806,
    "tether_fx": -89.1906796348134,
    "tether_fy": -262.6191172145973,
    "tether_fz": 114.52990823659817,
    "F_net_x": 70.28749559873619,
    "F_net_y": 208.56345918095644,
    "F_net_z": -190.0037240658999,
    "F_residual_x": 70.28749559873619,
    "F_residual_y": 208.56345918095644,
    "F_residual_z": -140.95372406589988,
    "F_residual_mag": 261.3560806086491,
    "F_res_along": 257.2254512109081,
    "grav_perp_x": 5.564647733652255,
    "grav_perp_y": 16.38492812708145,
    "grav_perp_z": 41.904426080015824,
    "grav_perp_mag": 45.336652933633914,
    "aero_mx": 24.795175460421177,
    "aero_my": 8.249636305784534,
    "aero_mz": 25.713492195633876,
    "tether_mx": 14.669436189557217,
    "tether_my": -4.3625107313614055,
    "tether_mz": 1.4205744944865444
  }
}