{
  "pos": [
    46.25828708469478,
    14.24076099606319,
    12.52992589006979
  ],
  "vel": [
    -0.2569438709538982,
    0.9164786896650469,
    -0.09275763435357824
  ],
  "body_z": [
    0.8510177556260382,
    0.30542295802949443,
    0.42718332869827047
  ],
  "omega_spin": 20.147482023257286,
  "rest_length": 49.94033445071826
}