{
  "pos": [
    27.90208003581921,
    95.00072092634306,
    -14.14427264147177
  ],
  "vel": [
    -0.0072535799491903665,
    0.00019999957711850123,
    -0.013159407029191028
  ],
  "R0": [
    [
      -0.5087727687907473,
      0.8151946511524638,
      0.2767814127961083
    ],
    [
      0.47962886864992127,
      0.0014163928056375407,
      0.877470308437281
    ],
    [
      0.7149170707813554,
      0.5791853542380306,
      -0.39171151035114304
    ]
  ],
  "omega_spin": 20.2889455606425,
  "rest_length": 99.94783276907492,
  "coll_eq_rad": -0.28,
  "tension_eq_n": 344.6963646504008,
  "stack_coll_eq": -0.18000000000000002,
  "home_z_ned": 0.0
}