{
  "pos": [
    27.900157168841364,
    95.00458603824246,
    -14.121694341635001
  ],
  "vel": [
    -0.0052448749176203764,
    -0.0005716231376587515,
    -0.014415651328461133
  ],
  "body_z": [
    0.2767604909912779,
    0.8774813605784749,
    -0.3917015349262949
  ],
  "omega_spin": 20.2889455606425,
  "rest_length": 99.94783276907492,
  "coll_eq_rad": -0.28,
  "tension_eq_n": 344.6963646504011,
  "stack_coll_eq": -0.18000000000000002,
  "home_z_ned": 0.0
}