{
  "pos": [
    27.902080035819147,
    95.00072092634308,
    -14.14427264147172
  ],
  "vel": [
    -0.007253579949298163,
    0.00019999957675184493,
    -0.013159407029143763
  ],
  "R0": [
    [
      -0.5087727687907497,
      0.815194651152462,
      0.2767814127961089
    ],
    [
      0.4796288686499213,
      0.00141639280563867,
      0.8774703084372806
    ],
    [
      0.7149170707813536,
      0.5791853542380326,
      -0.3917115103511426
    ]
  ],
  "omega_spin": 20.2889455606425,
  "rest_length": 99.94783276907492,
  "coll_eq_rad": -0.28,
  "tension_eq_n": 344.6963646504011,
  "stack_coll_eq": -0.18000000000000002,
  "home_z_ned": 0.0,
  "eq_physics": {
    "mass_kg": 5.0,
    "wind_ned": [
      0.0,
      10.0,
      0.0
    ],
    "collective_rad": -0.18000000000000002,
    "tilt_lon": 0.0,
    "tilt_lat": 0.0,
    "omega_spin": 20.2889455606425,
    "aero_fx": 101.59557443426851,
    "aero_fy": 354.8913742178434,
    "aero_fz": -154.1610992136287,
    "tether_fx": -55.52254908709734,
    "tether_fy": -189.04261561041952,
    "tether_fz": 28.145789526416788,
    "F_net_x": 46.073025347171175,
    "F_net_y": 165.8487586074239,
    "F_net_z": -126.0153096872119,
    "aero_mx": 40.88988146468715,
    "aero_my": 0.05835495061850082,
    "aero_mz": 29.023308217795922,
    "tether_mx": 14.805922159359659,
    "tether_my": -4.187577051620638,
    "tether_mz": 1.0812281863932949
  }
}