{
  "pos": [
    29.68495580967124,
    87.40642477318559,
    -38.118510444537385
  ],
  "vel": [
    0.00867240538676663,
    -0.0028767802001928634,
    0.00016365330532338473
  ],
  "R0": [
    [
      -0.4672295775617292,
      0.8358505749996323,
      0.28818455566576145
    ],
    [
      0.6027575307582145,
      0.06267522148635263,
      0.7954590974562405
    ],
    [
      0.6468229131421894,
      0.5453674292478612,
      -0.5330989459282685
    ]
  ],
  "R0_kinematic": [
    [
      -0.3782776772614974,
      0.879690661972363,
      0.28818455566576145
    ],
    [
      0.606007280710474,
      0.0,
      0.7954590974562405
    ],
    [
      0.6997579400132187,
      0.4755463586640381,
      -0.5330989459282685
    ]
  ],
  "R0_orbit": [
    [
      -0.7347422078013642,
      0.6012556389416274,
      0.31407888295151654
    ],
    [
      0.39306205859294197,
      2.7755575615628914e-17,
      0.9195119455965097
    ],
    [
      0.5528617423640884,
      0.7990567293008022,
      -0.23633077918301076
    ]
  ],
  "orbit_bz": [
    0.31407888295151654,
    0.9195119455965097,
    -0.23633077918301076
  ],
  "omega_spin": 21.836616897001573,
  "rest_length": 99.76385929890827,
  "coll_eq_rad": -0.23954935439156308,
  "tension_eq_n": 300.0681349127246,
  "stack_coll_eq": -0.23954935439156308,
  "home_z_ned": 0.0,
  "eq_physics": {
    "mass_kg": 5.0,
    "wind_ned": [
      0.0,
      10.0,
      0.0
    ],
    "collective_rad": -0.18000000000000002,
    "tilt_lon": 0.0,
    "tilt_lat": 0.0,
    "omega_spin": 21.836616897001573,
    "note": "Forces evaluated at STACK_COLL from warmup-settled position. Perpendicular residual (gravity_perp ~48 N) balanced by Lua cyclic in flight.",
    "aero_fx": 159.47815840232838,
    "aero_fy": 471.18261480763914,
    "aero_fz": -304.5336501543912,
    "tether_fx": -89.19066767328178,
    "tether_fy": -262.6191338952591,
    "tether_fz": 114.52991269576383,
    "F_net_x": 70.2874907290466,
    "F_net_y": 208.56348091238004,
    "F_net_z": -190.00373745862737,
    "F_residual_x": 70.2874907290466,
    "F_residual_y": 208.56348091238004,
    "F_residual_z": -140.95373745862736,
    "F_residual_mag": 261.3561038637326,
    "F_res_along": 257.22547385553145,
    "grav_perp_x": 5.564646731303694,
    "grav_perp_y": 16.384928413825932,
    "grav_perp_z": 41.904426130617516,
    "grav_perp_mag": 45.33665296100705,
    "aero_mx": 24.79519082859357,
    "aero_my": 8.249637089703313,
    "aero_mz": 25.713500336103458,
    "tether_mx": 14.669436742632929,
    "tether_my": -4.362509676779355,
    "tether_mz": 1.4205751206072428
  }
}