{
  "pos": [
    13.888125514733336,
    47.51241353744611,
    -7.115522005396462
  ],
  "vel": [
    -0.0039017704579605715,
    0.0007097645874046572,
    -0.0029181837803467377
  ],
  "body_z": [
    0.27554339693176516,
    0.877808069561692,
    -0.3918275506133776
  ],
  "omega_spin": 19.34930554553903,
  "rest_length": 49.97391638453746,
  "coll_eq_rad": -0.28,
  "home_z_ned": 0.0
}