{
  "pos": [
    30.49004275144508,
    84.73044607676519,
    -43.29231334040193
  ],
  "vel": [
    -0.8888224515609189,
    0.3213051743098666,
    0.25064060357215334
  ],
  "R0": [
    [
      -0.32856079926517034,
      -0.9107747582109795,
      -0.25007427095157875
    ],
    [
      0.6238539221769618,
      -0.01048364605865029,
      -0.7814706500884966
    ],
    [
      0.7091220522382966,
      -0.41277043616403575,
      0.5716349202579375
    ]
  ],
  "R0_kinematic": [
    [
      -0.3132113276004942,
      -0.9161667551656587,
      -0.25007427095157875
    ],
    [
      0.6239420029540108,
      2.7755575615628914e-17,
      -0.7814706500884966
    ],
    [
      0.7159574297487757,
      -0.4007973012998313,
      0.5716349202579375
    ]
  ],
  "R0_orbit": [
    [
      -0.2578683644837394,
      0.9351660395363997,
      0.24283406906010235
    ],
    [
      0.6855659262559851,
      0.0,
      0.7280105498938687
    ],
    [
      0.6808107426849657,
      0.35420965330973864,
      -0.6411179720979131
    ]
  ],
  "orbit_bz": [
    0.24283406906010235,
    0.7280105498938687,
    -0.6411179720979131
  ],
  "omega_spin": 39.47954351144391,
  "rest_length": 99.81205003898526,
  "coll_eq_rad": -0.16751534918825242,
  "tension_eq_n": 291.2995486167145,
  "stack_coll_eq": -0.16751534918825242,
  "home_z_ned": 0.0,
  "eq_physics": {
    "mass_kg": 5.0,
    "wind_ned": [
      0.0,
      10.0,
      0.0
    ],
    "collective_rad": -0.18,
    "tilt_lon": 0.0,
    "tilt_lat": 0.0,
    "omega_spin": 39.47954351144391,
    "note": "Forces evaluated at STACK_COLL from warmup-settled position. Perpendicular residual (gravity_perp ~48 N) balanced by Lua cyclic in flight.",
    "aero_fx": -46.197514512808034,
    "aero_fy": -144.36511825635668,
    "aero_fz": 105.60107772845319,
    "tether_fx": -88.892433410008,
    "tether_fy": -247.02804115688386,
    "tether_fz": 126.2169132443898,
    "F_net_x": -135.08994792281604,
    "F_net_y": -391.39315941324054,
    "F_net_z": 231.817990972843,
    "F_residual_x": -135.08994792281604,
    "F_residual_y": -391.39315941324054,
    "F_residual_z": 280.867990972843,
    "F_residual_mag": 500.3246222387906,
    "F_res_along": -494.83032578108737,
    "grav_perp_x": 6.485474234948724,
    "grav_perp_y": 18.022838781376535,
    "grav_perp_z": 39.841381139431284,
    "grav_perp_mag": 44.20655771363684,
    "aero_mx": 128.23102009183242,
    "aero_my": -83.92193243402205,
    "aero_mz": -58.63051231707973,
    "tether_mx": 12.77251240887994,
    "tether_my": -5.775124956754349,
    "tether_mz": -2.3074411283889056
  }
}