{
  "pos": [
    30.304705106444104,
    84.75424723032387,
    -43.108326456334865
  ],
  "vel": [
    -0.8917525112540019,
    0.05190171488071713,
    0.5028490349061322
  ],
  "R0": [
    [
      -0.47666954411163354,
      -0.8365865547487923,
      -0.27001681823537405
    ],
    [
      0.6406765118679489,
      -0.1202852294292186,
      -0.7583304495547302
    ],
    [
      0.6019300232229046,
      -0.534466462927944,
      0.5933176612474699
    ]
  ],
  "R0_kinematic": [
    [
      -0.3141145795717579,
      -0.9101774270824918,
      -0.27001681823537405
    ],
    [
      0.6518703316443539,
      2.7755575615628914e-17,
      -0.7583304495547302
    ],
    [
      0.6902152574540337,
      -0.4142186031909928,
      0.5933176612474699
    ]
  ],
  "R0_orbit": [
    [
      -0.27303804877838356,
      0.9264903076015929,
      0.25897091311496584
    ],
    [
      0.6881692632725507,
      2.7755575615628914e-17,
      0.7255501809571235
    ],
    [
      0.6722152103353568,
      0.3763186281866819,
      -0.6375821524113472
    ]
  ],
  "orbit_bz": [
    0.25897091311496584,
    0.7255501809571235,
    -0.6375821524113472
  ],
  "omega_spin": 39.38652292778921,
  "rest_length": 99.7083312076844,
  "coll_eq_rad": -0.15044412665597617,
  "tension_eq_n": 257.5484065795009,
  "stack_coll_eq": -0.15044412665597617,
  "home_z_ned": 0.0,
  "eq_physics": {
    "mass_kg": 5.0,
    "wind_ned": [
      0.0,
      10.0,
      0.0
    ],
    "collective_rad": -0.18,
    "tilt_lon": 0.0,
    "tilt_lat": 0.0,
    "omega_spin": 39.38652292778921,
    "note": "Forces evaluated at STACK_COLL from warmup-settled position. Perpendicular residual (gravity_perp ~48 N) balanced by Lua cyclic in flight.",
    "aero_fx": -28.9222768698192,
    "aero_fy": -81.22695232160558,
    "aero_fz": 63.551958661309904,
    "tether_fx": -78.20591093105708,
    "tether_fy": -218.7212542290681,
    "tether_fz": 111.24760750482157,
    "F_net_x": -107.12818780087628,
    "F_net_y": -299.9482065506737,
    "F_net_z": 174.79956616613148,
    "F_residual_x": -107.12818780087628,
    "F_residual_y": -299.9482065506737,
    "F_residual_z": 223.8495661661315,
    "F_residual_mag": 389.29937516932995,
    "F_res_along": -383.9504792289747,
    "grav_perp_x": 6.4335626712886045,
    "grav_perp_y": 17.992973675174575,
    "grav_perp_z": 39.89828184478112,
    "grav_perp_mag": 44.23811393455325,
    "aero_mx": 159.54805207100225,
    "aero_my": -55.29724419917233,
    "aero_mz": 1.9333207118020126,
    "tether_mx": 13.62262044398534,
    "tether_my": -4.9086669463779256,
    "tether_mz": -0.07425193404071351
  }
}