{
  "pos": [
    46.43772645303446,
    12.3494496957057,
    13.806351550792249
  ],
  "vel": [
    -0.09344720681874287,
    0.5410729820049685,
    -0.17288960843527496
  ],
  "body_z": [
    0.8644965949230616,
    0.263662063688981,
    0.42793452015197303
  ],
  "omega_spin": 19.664905691611146,
  "rest_length": 49.92986446854401
}