{
  "pos": [
    27.900157168841346,
    95.00458603824246,
    -14.121694341634896
  ],
  "vel": [
    -0.005244874917740781,
    -0.0005716231380413963,
    -0.014415651328430232
  ],
  "body_z": [
    0.2767604909912788,
    0.8774813605784747,
    -0.3917015349262947
  ],
  "omega_spin": 20.2889455606425,
  "rest_length": 99.94783276907492,
  "coll_eq_rad": -0.28,
  "tension_eq_n": 344.6963646504008,
  "stack_coll_eq": -0.18000000000000002,
  "home_z_ned": 0.0
}