{
  "pos": [
    30.23940050765604,
    84.63010878116782,
    -43.50886998255789
  ],
  "vel": [
    0.4913492832265835,
    0.18382924160991407,
    0.6698065680804007
  ],
  "R0": [
    [
      -0.38966198983534983,
      -0.8802988878395059,
      -0.27062409675800236
    ],
    [
      0.6113659769002879,
      -0.027487803527429907,
      -0.7908704463728519
    ],
    [
      0.6887635123656829,
      -0.47362251712283077,
      0.5488957417469381
    ]
  ],
  "R0_kinematic": [
    [
      -0.34972930195333385,
      -0.8969124893818512,
      -0.27062409675800236
    ],
    [
      0.6119836084847421,
      0.0,
      -0.7908704463728519
    ],
    [
      0.7093415808348104,
      -0.4422080804223853,
      0.5488957417469381
    ]
  ],
  "R0_orbit": [
    [
      -0.2936938891310411,
      0.9195069707513979,
      0.26124859851618665
    ],
    [
      0.6646300705471956,
      -2.7755575615628914e-17,
      0.7471725833597147
    ],
    [
      0.6870303987535876,
      0.39307369632117073,
      -0.6111319828391397
    ]
  ],
  "orbit_bz": [
    0.26124859851618665,
    0.7471725833597147,
    -0.6111319828391397
  ],
  "omega_spin": 39.4188702183874,
  "rest_length": 99.74117082207584,
  "coll_eq_rad": -0.16178772357442317,
  "tension_eq_n": 302.1078501203031,
  "stack_coll_eq": -0.16178772357442317,
  "home_z_ned": 0.0,
  "eq_physics": {
    "mass_kg": 5.0,
    "wind_ned": [
      0.0,
      10.0,
      0.0
    ],
    "collective_rad": -0.18,
    "tilt_lon": 0.0,
    "tilt_lat": 0.0,
    "omega_spin": 39.4188702183874,
    "note": "Forces evaluated at STACK_COLL from warmup-settled position. Perpendicular residual (gravity_perp ~48 N) balanced by Lua cyclic in flight.",
    "aero_fx": -39.977821787041435,
    "aero_fy": -116.8309775090154,
    "aero_fz": 81.08537416328997,
    "tether_fx": -91.49432905830211,
    "tether_fy": -256.0624513407152,
    "tether_fz": 131.64331303893306,
    "F_net_x": -131.47215084534355,
    "F_net_y": -372.8934288497306,
    "F_net_z": 212.72868720222303,
    "F_residual_x": -131.47215084534355,
    "F_residual_y": -372.8934288497306,
    "F_residual_z": 261.778687202223,
    "F_residual_mag": 474.19670686385956,
    "F_res_along": -469.94599882558623,
    "grav_perp_x": 6.473035239286321,
    "grav_perp_y": 18.11589076663203,
    "grav_perp_z": 39.73650687875511,
    "grav_perp_mag": 44.14833702873686,
    "aero_mx": 84.82407243868991,
    "aero_my": -187.32030070976558,
    "aero_mz": -228.07728741260848,
    "tether_mx": 10.931635025129715,
    "tether_my": -4.378498478610888,
    "tether_mz": -0.9190473765609006
  }
}