{
  "pos": [
    29.684967749844365,
    87.40642097193492,
    -38.11850980263946
  ],
  "vel": [
    0.008671398723867931,
    -0.0028764823797704005,
    0.00016354588494746594
  ],
  "R0": [
    [
      -0.4672407148680793,
      0.8358443103698182,
      0.28818466855814673
    ],
    [
      0.6027567731206465,
      0.0626832109029598,
      0.7954590420179284
    ],
    [
      0.6468155740446819,
      0.5453761123236859,
      -0.5330989676222891
    ]
  ],
  "R0_kinematic": [
    [
      -0.3782777536593975,
      0.8796905921370486,
      0.28818466855814673
    ],
    [
      0.6060073534800711,
      0.0,
      0.7954590420179284
    ],
    [
      0.6997578356935208,
      0.4755464878490522,
      -0.5330989676222891
    ]
  ],
  "R0_orbit": [
    [
      -0.7347423672166793,
      0.6012553791930978,
      0.31407900727077304
    ],
    [
      0.39306211803236835,
      0.0,
      0.9195119201880466
    ],
    [
      0.5528614882452375,
      0.7990569247502733,
      -0.2363307128239937
    ]
  ],
  "orbit_bz": [
    0.31407900727077304,
    0.9195119201880466,
    -0.2363307128239937
  ],
  "omega_spin": 21.83661521272902,
  "rest_length": 99.76385929890827,
  "coll_eq_rad": -0.23954936322371725,
  "tension_eq_n": 300.0680707408188,
  "stack_coll_eq": -0.23954936322371725,
  "home_z_ned": 0.0,
  "eq_physics": {
    "mass_kg": 5.0,
    "wind_ned": [
      0.0,
      10.0,
      0.0
    ],
    "collective_rad": -0.18000000000000002,
    "tilt_lon": 0.0,
    "tilt_lat": 0.0,
    "omega_spin": 21.83661521272902,
    "note": "Forces evaluated at STACK_COLL from warmup-settled position. Perpendicular residual (gravity_perp ~48 N) balanced by Lua cyclic in flight.",
    "aero_fx": 159.47820270862098,
    "aero_fy": 471.18252934225654,
    "aero_fz": -304.5336281673965,
    "tether_fx": -89.19068449467142,
    "tether_fy": -262.61906637096314,
    "tether_fz": 114.52988630018235,
    "F_net_x": 70.28751821394957,
    "F_net_y": 208.5634629712934,
    "F_net_z": -190.00374186721416,
    "F_residual_x": 70.28751821394957,
    "F_residual_y": 208.5634629712934,
    "F_residual_z": -140.95374186721415,
    "F_residual_mag": 261.356099315902,
    "F_res_along": 257.22546762349515,
    "grav_perp_x": 5.564648878406421,
    "grav_perp_y": 16.384927432826576,
    "grav_perp_z": 41.90442636800932,
    "grav_perp_mag": 45.33665308942487,
    "aero_mx": 24.795197912394414,
    "aero_my": 8.249635314037548,
    "aero_mz": 25.713504862442086,
    "tether_mx": 14.669435856457373,
    "tether_my": -4.36251135066431,
    "tether_mz": 1.4205756462333987
  }
}