{
  "pos": [
    -10.107060279903205,
    95.48466593165166,
    -28.250328223572843
  ],
  "vel": [
    -0.1234634146419931,
    -0.011058423555748225,
    0.006936916574821068
  ],
  "R0": [
    [
      -0.5273907872342243,
      0.8437690914524459,
      -0.09956243192077675
    ],
    [
      0.29051894996976513,
      0.2892135245134334,
      0.912115276128507
    ],
    [
      0.798409479683784,
      0.4521164203477146,
      -0.39765945883763154
    ]
  ],
  "R0_kinematic": [
    [
      0.22152946246894245,
      0.9700577402444878,
      -0.09956243192077675
    ],
    [
      0.4099338032573279,
      0.0,
      0.912115276128507
    ],
    [
      0.8848044836036965,
      -0.24287441320929198,
      -0.39765945883763154
    ]
  ],
  "R0_orbit": [
    [
      0.2940457308902873,
      0.951486881392976,
      -0.09060807183836148
    ],
    [
      0.2944790976957006,
      -1.3877787807814457e-17,
      0.9556579205031086
    ],
    [
      0.9092959744579994,
      -0.30768931495433655,
      -0.28019299830190036
    ]
  ],
  "orbit_bz": [
    -0.09060807183836148,
    0.9556579205031086,
    -0.28019299830190036
  ],
  "omega_spin": 18.108209227285457,
  "rest_length": 99.93291656011152,
  "coll_eq_rad": -0.18000000000000002,
  "tension_eq_n": 435.023778174098,
  "stack_coll_eq": -0.18000000000000002,
  "home_z_ned": 0.0,
  "eq_physics": {
    "mass_kg": 5.0,
    "wind_ned": [
      0.0,
      10.0,
      0.0
    ],
    "collective_rad": -0.18000000000000002,
    "tilt_lon": 0.0,
    "tilt_lat": 0.0,
    "omega_spin": 18.108209227285457,
    "note": "Forces evaluated at STACK_COLL from warmup-settled position. Perpendicular residual (gravity_perp ~48 N) balanced by Lua cyclic in flight.",
    "aero_fx": -48.774995332718056,
    "aero_fy": 417.43873008461685,
    "aero_fz": -173.6639570575872,
    "tether_fx": 43.92957290923071,
    "tether_fy": -415.01687707339966,
    "tether_fz": 122.78791449129722,
    "F_net_x": -4.845422423487349,
    "F_net_y": 2.4218530112171948,
    "F_net_z": -50.87604256628998,
    "F_residual_x": -4.845422423487349,
    "F_residual_y": 2.4218530112171948,
    "F_residual_z": -1.8260425662899777,
    "F_residual_mag": 5.716460611591643,
    "F_res_along": 3.315182392132814,
    "grav_perp_x": -1.3980594003417384,
    "grav_perp_y": 13.207919127550172,
    "grav_perp_z": 45.142272545931256,
    "grav_perp_mag": 47.05558913006964,
    "aero_mx": 38.02611839028541,
    "aero_my": 6.684052097183525,
    "aero_mz": 5.810633066769647,
    "tether_mx": 15.91159626420567,
    "tether_my": 1.5731840438457083,
    "tether_mz": -0.3753765135850138
  }
}