{
  "pos": [
    46.36449776076722,
    10.566758771421535,
    15.442317335224768
  ],
  "vel": [
    -0.054198430425749275,
    0.40820387810049635,
    -0.1191284330022094
  ],
  "body_z": [
    0.8675898396156596,
    0.22719903294977037,
    0.4423442885608039
  ],
  "omega_spin": 19.539881924296964,
  "rest_length": 49.91908576792998
}