{
  "pos": [
    23.9646467158196,
    88.85677611271419,
    -38.9211160089295
  ],
  "vel": [
    0.1581299715331961,
    0.5780158364282841,
    -0.32972688799164757
  ],
  "R0": [
    [
      -0.4735256787103968,
      0.8497019195655434,
      0.23190532440737374
    ],
    [
      0.5801206593841626,
      0.10276235748633558,
      0.8080222264514354
    ],
    [
      0.6627468990176736,
      0.5171523429034057,
      -0.5415902529329493
    ]
  ],
  "R0_kinematic": [
    [
      -0.31805825303235447,
      0.9192708350586987,
      0.23190532440737374
    ],
    [
      0.5891520020847465,
      0.0,
      0.8080222264514354
    ],
    [
      0.742791266856,
      0.393625623925174,
      -0.5415902529329493
    ]
  ],
  "R0_orbit": [
    [
      -0.5591703402723774,
      0.7889503520073677,
      0.254727055153402
    ],
    [
      0.41455639097911123,
      2.7755575615628914e-17,
      0.9100236253517675
    ],
    [
      0.7179634595562979,
      0.6144569489129817,
      -0.327064410589874
    ]
  ],
  "orbit_bz": [
    0.254727055153402,
    0.9100236253517675,
    -0.327064410589874
  ],
  "omega_spin": 30.091446807037944,
  "rest_length": 99.79304827592895,
  "coll_eq_rad": -0.19629264232492616,
  "tension_eq_n": 374.91974685083915,
  "stack_coll_eq": -0.19629264232492616,
  "home_z_ned": 0.0,
  "eq_physics": {
    "mass_kg": 5.0,
    "wind_ned": [
      0.0,
      10.0,
      0.0
    ],
    "collective_rad": -0.18,
    "tilt_lon": 0.0,
    "tilt_lat": 0.0,
    "omega_spin": 30.091446807037944,
    "note": "Forces evaluated at STACK_COLL from warmup-settled position. Perpendicular residual (gravity_perp ~48 N) balanced by Lua cyclic in flight.",
    "aero_fx": 101.79067824549341,
    "aero_fy": 390.3716219759916,
    "aero_fz": -246.9256737382289,
    "tether_fx": -89.91707667292283,
    "tether_fy": -333.3970095775062,
    "tether_fz": 146.0348242922532,
    "F_net_x": 11.873601572570578,
    "F_net_y": 56.97461239848542,
    "F_net_z": -100.8908494459757,
    "F_residual_x": 11.873601572570578,
    "F_residual_y": 56.97461239848542,
    "F_residual_z": -51.8408494459757,
    "F_residual_mag": 77.93948000559229,
    "F_res_along": 73.70477151600977,
    "grav_perp_x": 4.58206233286982,
    "grav_perp_y": 16.989496723001864,
    "grav_perp_z": 41.60824708235541,
    "grav_perp_mag": 45.17614989559793,
    "aero_mx": 56.31861332862657,
    "aero_my": -28.524149202066106,
    "aero_mz": -18.441174296713747,
    "tether_mx": 18.76955606402997,
    "tether_my": -4.449587698803262,
    "tether_mz": 1.3984635519780966
  }
}