{
  "pos": [
    13.88812551473332,
    47.51241353744611,
    -7.115522005396441
  ],
  "vel": [
    -0.003901770457889831,
    0.0007097645876279236,
    -0.0029181837803975252
  ],
  "body_z": [
    0.2755433969317651,
    0.8778080695616923,
    -0.3918275506133779
  ],
  "omega_spin": 19.349305545539032,
  "rest_length": 49.97391638453746,
  "coll_eq_rad": -0.28,
  "home_z_ned": 0.0
}