{
  "pos": [
    30.539095943782275,
    85.10178869673862,
    -42.72059432582967
  ],
  "vel": [
    0.0,
    0.0,
    0.0
  ],
  "R0": [
    [
      -0.49490574145881167,
      0.813513779210131,
      0.30539095943782274
    ],
    [
      0.5251367022610066,
      -2.7755575615628914e-17,
      0.8510178869673862
    ],
    [
      0.6923147774022584,
      0.5815456396838086,
      -0.4272059432582967
    ]
  ],
  "R0_orbit": [
    [
      -0.38693403074483085,
      0.8678608000537127,
      0.31160822771821717
    ],
    [
      0.6272213398533563,
      0.0,
      0.77884105620631
    ],
    [
      0.6759256221538867,
      0.4968074392862188,
      -0.5443408138158955
    ]
  ],
  "orbit_bz": [
    0.31160822771821717,
    0.77884105620631,
    -0.5443408138158955
  ],
  "omega_spin": 20.2889455606425,
  "rest_length": 99.87616390661184,
  "coll_eq_rad": -0.18000000000000002,
  "tension_eq_n": 348.2669131335816,
  "stack_coll_eq": -0.18000000000000002,
  "home_z_ned": 0.0,
  "eq_physics": {
    "mass_kg": 5.0,
    "wind_ned": [
      0.0,
      10.0,
      0.0
    ],
    "collective_rad": -0.18000000000000002,
    "tilt_lon": 0.0,
    "tilt_lat": 0.0,
    "omega_spin": 20.2889455606425,
    "note": "Along-tether forces balanced by construction (F_res_along < 1 N). Perpendicular residual is gravity_perp (~48 N) \u2014 balanced by Lua cyclic in flight, NOT by the tether.",
    "aero_fx": 103.15317243351751,
    "aero_fy": 318.9209594983495,
    "aero_fz": -155.22227238745091,
    "tether_fx": -106.35756674230996,
    "tether_fy": -296.3813725155854,
    "tether_fz": 148.78169513088227,
    "F_net_x": -3.2043943087924447,
    "F_net_y": 22.539586982764092,
    "F_net_z": -6.440577256568645,
    "F_residual_x": -3.2043943087924447,
    "F_residual_y": 22.539586982764092,
    "F_residual_z": 42.60942274343136,
    "F_residual_mag": 48.310082081986316,
    "F_res_along": 1.1164107449678811e-11,
    "grav_perp_x": 6.399300053214833,
    "grav_perp_y": 17.832613052404234,
    "grav_perp_z": 40.098133774296905,
    "grav_perp_mag": 44.34877068904237,
    "aero_mx": 47.21627101850121,
    "aero_my": -2.149740535834667,
    "aero_mz": 29.470457651077343,
    "tether_mx": -7.105427357601002e-15,
    "tether_my": 0.0,
    "tether_mz": -3.552713678800501e-15
  }
}