{
  "pos": [
    46.25822827872649,
    14.240997382705487,
    12.529876259078828
  ],
  "vel": [
    -0.2568862846168328,
    0.9163895795438296,
    -0.09291151051292015
  ],
  "body_z": [
    0.8510180693175291,
    0.3053905617903759,
    0.4272058642673635
  ],
  "omega_spin": 20.147562575677384,
  "rest_length": 49.94033445071826
}