{
  "pos": [
    27.90208003581921,
    95.00072092634306,
    -14.14427264147177
  ],
  "vel": [
    -0.0072535799491903665,
    0.00019999957711850123,
    -0.013159407029191028
  ],
  "R0": [
    [
      -0.5087727687907473,
      0.8151946511524638,
      0.2767814127961083
    ],
    [
      0.47962886864992127,
      0.0014163928056375407,
      0.877470308437281
    ],
    [
      0.7149170707813554,
      0.5791853542380306,
      -0.39171151035114304
    ]
  ],
  "omega_spin": 20.2889455606425,
  "rest_length": 99.94783276907492,
  "coll_eq_rad": -0.28,
  "tension_eq_n": 344.6963646504008,
  "stack_coll_eq": -0.18000000000000002,
  "home_z_ned": 0.0,
  "eq_physics": {
    "mass_kg": 5.0,
    "wind_ned": [
      0.0,
      10.0,
      0.0
    ],
    "collective_rad": -0.18000000000000002,
    "tilt_lon": 0.0,
    "tilt_lat": 0.0,
    "omega_spin": 20.2889455606425,
    "aero_fx": 101.59557443425643,
    "aero_fy": 354.8913742178047,
    "aero_fz": -154.16109921361175,
    "tether_fx": -55.522549087098746,
    "tether_fy": -189.04261561042384,
    "tether_fz": 28.145789526417538,
    "F_net_x": 46.07302534715769,
    "F_net_y": 165.84875860738086,
    "F_net_z": -126.01530968719422,
    "aero_mx": 40.88988146469004,
    "aero_my": 0.05835495061604945,
    "aero_mz": 29.02330821779252,
    "tether_mx": 14.80592215935999,
    "tether_my": -4.187577051620752,
    "tether_mz": 1.0812281863932416
  }
}