{
  "pos": [
    13.888125514733336,
    47.51241353744611,
    -7.115522005396386
  ],
  "vel": [
    -0.003901770458014276,
    0.0007097645872348065,
    -0.002918183780339967
  ],
  "body_z": [
    0.2755433969317664,
    0.877808069561692,
    -0.39182755061337726
  ],
  "omega_spin": 19.34930554553901,
  "rest_length": 49.97391638453746,
  "coll_eq_rad": -0.28,
  "home_z_ned": 0.0
}