{
  "pos": [
    29.684711620519128,
    87.40650879025655,
    -38.11850647280591
  ],
  "vel": [
    0.008684541498801802,
    -0.002881426068476304,
    0.00016211352458657868
  ],
  "R0": [
    [
      -0.4677308531072908,
      0.8355709061475429,
      0.2881824246051453
    ],
    [
      0.6027192900565133,
      0.06303833024241573,
      0.7954593806813902
    ],
    [
      0.6464961766671934,
      0.5457540011030815,
      -0.5330996753278686
    ]
  ],
  "R0_kinematic": [
    [
      -0.37827524672897944,
      0.8796924052535804,
      0.2881824246051453
    ],
    [
      0.6060069089424469,
      0.0,
      0.7954593806813902
    ],
    [
      0.6997595758731355,
      0.47554313383663793,
      -0.5330996753278686
    ]
  ],
  "R0_orbit": [
    [
      -0.7347451930037386,
      0.6012532233850889,
      0.31407652368004085
    ],
    [
      0.39305821194169854,
      -2.7755575615628914e-17,
      0.9195135899078354
    ],
    [
      0.5528605098784808,
      0.7990585468969345,
      -0.2363275169079256
    ]
  ],
  "orbit_bz": [
    0.31407652368004085,
    0.9195135899078354,
    -0.2363275169079256
  ],
  "omega_spin": 21.836783992451576,
  "rest_length": 99.76385929890827,
  "coll_eq_rad": -0.23954928466321354,
  "tension_eq_n": 300.0665442139294,
  "stack_coll_eq": -0.23954928466321354,
  "home_z_ned": 0.0,
  "eq_physics": {
    "mass_kg": 5.0,
    "wind_ned": [
      0.0,
      10.0,
      0.0
    ],
    "collective_rad": -0.18000000000000002,
    "tilt_lon": 0.0,
    "tilt_lat": 0.0,
    "omega_spin": 21.836783992451576,
    "note": "Forces evaluated at STACK_COLL from warmup-settled position. Perpendicular residual (gravity_perp ~48 N) balanced by Lua cyclic in flight.",
    "aero_fx": 159.4772206129913,
    "aero_fy": 471.1841311988186,
    "aero_fz": -304.5349315416396,
    "tether_fx": -89.18946168672001,
    "tether_fy": -262.6179956395416,
    "tether_fz": 114.52929427353003,
    "F_net_x": 70.28775892627128,
    "F_net_y": 208.56613555927697,
    "F_net_z": -190.00563726810958,
    "F_residual_x": 70.28775892627128,
    "F_residual_y": 208.56613555927697,
    "F_residual_z": -140.95563726810957,
    "F_residual_mag": 261.35931901247983,
    "F_res_along": 257.2286014858953,
    "grav_perp_x": 5.5646004396036775,
    "grav_perp_y": 16.384942641729406,
    "grav_perp_z": 41.90442753875398,
    "grav_perp_mag": 45.33665372274274,
    "aero_mx": 24.79637623715591,
    "aero_my": 8.24902834205271,
    "aero_mz": 25.713102888698934,
    "tether_mx": 14.669450015398908,
    "tether_my": -4.362463006738722,
    "tether_mz": 1.4205890315165135
  }
}