{
  "pos": [
    47.51241353744611,
    13.888125514733318,
    7.115522005396411
  ],
  "vel": [
    0.0007097645872502851,
    -0.003901770458024062,
    0.002918183780380097
  ],
  "body_z": [
    0.8778080695616921,
    0.2755433969317652,
    0.39182755061337793
  ],
  "omega_spin": 19.349305545539025,
  "rest_length": 49.97391638453746,
  "coll_eq_rad": -0.28,
  "home_z_enu": 0.0
}